PLAYER_NAME,TEAM_NAME,total_poss,iso_freq,iso_ppp,iso_total_poss,tr_freq,tr_ppp,tr_total_poss,prb_freq,prb_ppp,prb_total_poss,prr_freq,prr_ppp,prr_total_poss,pu_freq,pu_ppp,pu_total_poss,su_freq,su_ppp,su_total_poss,ho_freq,ho_ppp,ho_total_poss,cut_freq,cut_ppp,cut_total_poss,os_freq,os_ppp,os_total_poss,putback_freq,putback_ppp,putback_total_poss,misc_freq,misc_ppp,misc_total_poss
Aaron Brooks,Chicago Bulls,565.8,0.071,0.78,0.6,0.104,0.95,0.9,0.561,0.82,4.7,0,0,0,0,0,0,0.123,1.113,1,0.068,0.923,0.6,0,0,0,0,0,0,0,0,0,0.05,0.379,0.4
Aaron Gordon,Orlando Magic,725.4,0.041,0.6,0.4,0.174,1.079,1.6,0.051,1,0.5,0.07,1,0.7,0.043,0.71,0.4,0.247,0.85,2.3,0.025,0.667,0.2,0.122,1.292,1.1,0,0,0,0.146,1.292,1.4,0.073,0.642,0.7
Al Horford,Atlanta Hawks,1213.6,0.033,0.725,0.5,0.1,1.246,1.5,0,0,0,0.247,1.13,3.7,0.139,0.888,2.1,0.231,0.929,3.4,0,0,0,0.107,1.185,1.6,0.035,0.884,0.5,0.055,1.284,0.8,0.047,0.491,0.7
Al Jefferson,Charlotte Hornets,568.7,0,0,0,0.019,1.364,0.2,0,0,0,0.169,1.081,2.1,0.518,0.882,6.5,0.048,1,0.6,0,0,0,0.138,1.16,1.7,0,0,0,0.058,0.824,0.7,0.026,0.4,0.3
Al-Farouq Aminu,Portland Trail Blazers,893.8,0.038,0.324,0.4,0.179,0.894,2,0.085,0.684,0.9,0.04,1,0.4,0.021,0.421,0.2,0.374,1.027,4.1,0.06,0.889,0.7,0.051,1.413,0.6,0.05,0.867,0.5,0.058,1.135,0.6,0.044,0.675,0.5
Alan Anderson,Washington Wizards,45.5,0.167,0.818,0.8,0.182,1,0.9,0,0,0,0,0,0,0,0,0,0.364,1.333,1.8,0,0,0,0,0,0,0,0,0,0,0,0,0,0,0
Alec Burks,Utah Jazz,424.7,0.117,0.769,1.7,0.155,1.087,2.2,0.315,0.821,4.5,0,0,0,0,0,0,0.214,1.095,3.1,0.077,0.882,1.1,0.036,1,0.5,0,0,0,0,0,0,0.045,0.9,0.6
Alex Len,Phoenix Suns,865.8,0.025,0.273,0.3,0.045,0.897,0.5,0,0,0,0.113,0.869,1.3,0.296,0.686,3.3,0.09,0.671,1,0,0,0,0.197,1.163,2.2,0.018,0.75,0.2,0.127,0.946,1.4,0.084,0.315,0.9
Alex Stepheson,Memphis Grizzlies,15.2,0,0,0,0,0,0,0,0,0,0,0,0,0,0,0,0,0,0,0,0,0,0,0,0,0,0,0,0.5,0.8,3.8,0,0,0
Alexis Ajinca,New Orleans Pelicans,383.5,0,0,0,0.043,1,0.3,0,0,0,0.275,0.945,1.8,0.096,0.684,0.6,0.151,0.75,1,0,0,0,0.171,1.088,1.2,0.045,1,0.3,0.108,1.116,0.7,0.086,0.353,0.6
Allen Crabbe,Portland Trail Blazers,761.4,0,0,0,0.179,1.193,1.7,0.092,0.75,0.9,0.032,1.12,0.3,0,0,0,0.325,1.192,3.1,0.108,0.765,1,0.043,1.471,0.4,0.163,0.93,1.6,0.013,2,0.1,0.033,0.5,0.3
Alonzo Gee,New Orleans Pelicans,313.9,0,0,0,0.311,1.19,1.4,0.03,0.7,0.1,0,0,0,0,0,0,0.328,0.811,1.5,0,0,0,0.127,1.209,0.6,0,0,0,0.086,1.034,0.4,0.068,0.348,0.3
Amar'e Stoudemire,Miami Heat,286,0,0,0,0.04,0.833,0.2,0,0,0,0.273,1.296,1.6,0.192,0.789,1.1,0.037,0.909,0.2,0,0,0,0.195,1.207,1.1,0.037,0.727,0.2,0.141,1.071,0.8,0.061,0.167,0.3
Amir Johnson,Boston Celtics,568.8,0.031,1.111,0.2,0.108,1.323,0.8,0,0,0,0.156,1.122,1.1,0.109,0.857,0.8,0.094,0.63,0.7,0,0,0,0.193,1.387,1.4,0,0,0,0.174,1.09,1.3,0.127,0.233,0.9
Anderson Varejao,Cleveland Cavaliers,99.2,0,0,0,0,0,0,0,0,0,0.176,0.889,0.6,0.098,0.1,0.3,0.216,0.727,0.7,0,0,0,0.235,1.125,0.8,0,0,0,0.108,0.727,0.4,0.108,0.636,0.4
Andre Drummond,Detroit Pistons,1482.3,0.036,0.623,0.7,0.06,1,1.1,0,0,0,0.132,1.103,2.4,0.275,0.726,5,0.015,0.636,0.3,0,0,0,0.124,1.137,2.3,0,0,0,0.233,1.079,4.2,0.126,0.459,2.3
Andre Iguodala,Golden State Warriors,481,0.079,0.947,0.6,0.238,1.13,1.8,0.077,0.486,0.6,0,0,0,0.029,0.571,0.2,0.267,1.023,2,0.023,1.455,0.2,0.081,1.128,0.6,0.054,1.038,0.4,0.033,1.063,0.2,0.108,0.481,0.8
Andre Miller,San Antonio Spurs,65,0,0,0,0,0,0,0.356,0.875,1.2,0,0,0,0,0,0,0.152,0.5,0.8,0,0,0,0.122,1.455,0.4,0,0,0,0,0,0,0.133,0,0.5
Andre Roberson,Oklahoma City Thunder,329,0,0,0,0.266,1.157,1.3,0,0,0,0,0,0,0,0,0,0.338,0.832,1.6,0,0,0,0.18,1.267,0.9,0,0,0,0.123,1.098,0.6,0.066,0.636,0.3
Andrea Bargnani,Brooklyn Nets,322,0.052,0.588,0.4,0.037,1.333,0.3,0,0,0,0.33,0.954,2.3,0.043,1,0.3,0.287,0.894,2,0,0,0,0.086,1.321,0.6,0.049,0.875,0.3,0.064,0.81,0.5,0.043,0.429,0.3
Andrew Bogut,Golden State Warriors,371,0,0,0,0.05,1.316,0.3,0,0,0,0.097,0.892,0.5,0.065,0.56,0.4,0,0,0,0,0,0,0.366,1.421,2,0,0,0,0.188,1.014,1,0.194,0.23,1.1
Andrew Nicholson,Orlando Magic,375.2,0,0,0,0.073,1.179,0.5,0,0,0,0.186,0.845,1.3,0.323,0.943,2.2,0.223,1.106,1.5,0,0,0,0.05,1.158,0.3,0.026,1.5,0.2,0.05,1.211,0.3,0.055,0.524,0.4
Andrew Wiggins,Minnesota Timberwolves,1733.4,0.102,0.853,2.2,0.117,1.177,2.5,0.189,0.847,4,0.028,1.041,0.6,0.12,1,2.6,0.099,0.953,2.1,0.067,1,1.4,0.055,1.305,1.2,0.145,0.825,3.1,0.044,1.091,1,0.033,0.86,0.7
Anthony Brown,Los Angeles Lakers,127.6,0,0,0,0.188,0.714,1,0.067,0.5,0.3,0,0,0,0,0,0,0.423,0.857,2.2,0.074,1.273,0.4,0,0,0,0.094,0.571,0.5,0,0,0,0,0,0
Anthony Davis,New Orleans Pelicans,1421.3,0.087,0.677,2,0.081,1.357,1.9,0,0,0,0.247,1.06,5.8,0.184,0.782,4.3,0.13,0.952,3,0.01,1.5,0.2,0.075,1.355,1.8,0.065,1.054,1.5,0.064,1.337,1.5,0.055,0.759,1.3
Anthony Morrow,Oklahoma City Thunder,353.6,0.05,1.5,0.3,0.16,1,0.9,0.044,0.75,0.2,0,0,0,0,0,0,0.461,1.048,2.5,0.064,0.739,0.3,0.03,1.182,0.2,0.116,1.071,0.6,0,0,0,0.044,0.688,0.2
Anthony Tolliver,Detroit Pistons,367.2,0,0,0,0.142,0.981,0.8,0,0,0,0.108,1.073,0.6,0,0,0,0.551,1.053,2.9,0,0,0,0.032,1.667,0.2,0.082,0.839,0.4,0,0,0,0.042,0.125,0.2
Archie Goodwin,Phoenix Suns,598.5,0.083,0.88,0.9,0.213,1.086,2.2,0.259,0.622,2.7,0,0,0,0,0,0,0.201,0.884,2.1,0.051,0.774,0.5,0.056,1.029,0.6,0.018,0.636,0.2,0.033,1.1,0.4,0.083,0.46,0.9
Aron Baynes,Detroit Pistons,510.3,0,0,0,0.053,1.286,0.3,0,0,0,0.223,1.11,1.5,0.176,0.914,1.1,0.045,0.542,0.3,0,0,0,0.184,1.278,1.2,0,0,0,0.184,0.845,1.2,0.112,0.61,0.7
Arron Afflalo,New York Knicks,923,0.088,1.037,1.2,0.132,1.033,1.7,0.08,0.733,1.1,0,0,0,0.169,1.025,2.2,0.234,1.028,3.1,0.07,0.754,0.9,0.033,1.452,0.4,0.149,0.95,2,0,0,0,0.032,0.667,0.4
Austin Rivers,LA Clippers,609.7,0.143,0.811,1.3,0.144,1.132,1.4,0.333,0.852,3.1,0,0,0,0,0,0,0.195,1.016,1.8,0.067,0.738,0.6,0.048,1.3,0.4,0.025,1.438,0.2,0,0,0,0.03,0.368,0.3
Avery Bradley,Boston Celtics,1185.6,0.039,0.696,0.6,0.2,1.131,3.1,0.135,0.75,2.1,0,0,0,0,0,0,0.203,1.067,3.2,0.172,0.828,2.7,0.046,1.5,0.7,0.146,0.908,2.3,0.019,1.364,0.3,0.039,0.826,0.6
Axel Toupane,Denver Nuggets,75.6,0,0,0,0.171,1.429,0.7,0,0,0,0,0,0,0,0,0,0.585,0.854,2.3,0,0,0,0.146,1.083,0.6,0,0,0,0,0,0,0,0,0
Ben McLemore,Sacramento Kings,598.4,0.045,0.852,0.4,0.262,1.089,2.3,0.082,0.469,0.7,0,0,0,0,0,0,0.277,0.843,2.4,0.063,1.053,0.6,0.06,1.028,0.5,0.134,0.837,1.2,0.018,1,0.2,0.055,0.394,0.5
Beno Udrih,Miami Heat,180,0,0,0,0.109,0.636,0.6,0.401,0.84,2.3,0,0,0,0,0,0,0.173,1.057,1,0.134,0.63,0.8,0,0,0,0,0,0,0,0,0,0.059,0.167,0.3
Bismack Biyombo,Toronto Raptors,459.2,0,0,0,0.034,1.563,0.2,0,0,0,0.193,1.178,1.1,0.036,0.706,0.2,0,0,0,0,0,0,0.34,1.075,1.9,0,0,0,0.227,0.896,1.3,0.154,0.583,0.9
Blake Griffin,LA Clippers,777,0.094,1.055,2.1,0.111,1.291,2.5,0.057,1.182,1.3,0.21,0.883,4.7,0.213,0.842,4.7,0.133,0.767,2.9,0,0,0,0.054,1.619,1.2,0.027,0.857,0.6,0.036,1.107,0.8,0.062,0.521,1.4
Bobby Portis,Chicago Bulls,510.3,0.085,0.523,0.7,0.097,1.06,0.8,0,0,0,0.161,0.964,1.3,0.165,0.776,1.3,0.194,0.76,1.6,0,0,0,0.06,1.226,0.5,0,0,0,0.167,0.942,1.4,0.062,0.469,0.5
Bojan Bogdanovic,Brooklyn Nets,908.5,0.078,0.75,0.9,0.187,1.279,2.2,0.123,0.761,1.4,0,0,0,0.072,0.712,0.8,0.31,1.017,3.6,0.024,0.818,0.3,0.049,1,0.6,0.098,0.822,1.1,0.018,1.235,0.2,0.037,0.647,0.4
Boris Diaw,San Antonio Spurs,501.6,0.045,1,0.3,0.061,1.032,0.4,0,0,0,0.114,0.845,0.8,0.385,1.046,2.6,0.2,0.961,1.3,0,0,0,0.081,1.098,0.5,0,0,0,0.037,0.947,0.3,0.057,0.31,0.4
Bradley Beal,Washington Wizards,968,0.06,1.017,1.1,0.175,1.182,3.1,0.295,0.812,5.2,0,0,0,0,0,0,0.132,1.14,2.3,0.072,0.843,1.3,0.034,1.455,0.6,0.152,0.905,2.7,0.014,0.786,0.3,0.055,0.741,1
Brandan Wright,Memphis Grizzlies,38.4,0,0,0,0,0,0,0,0,0,0.333,1.042,2,0,0,0,0,0,0,0,0,0,0.194,1.429,1.2,0,0,0,0,0,0,0,0,0
Brandon Bass,Los Angeles Lakers,422.4,0.065,0.536,0.4,0.121,1.404,0.8,0,0,0,0.273,1.145,1.8,0.114,1.082,0.7,0.049,0.619,0.3,0,0,0,0.177,1.474,1.2,0,0,0,0.124,0.943,0.8,0.063,0.667,0.4
Brandon Jennings,Orlando Magic,204.2,0.085,0.556,0.7,0.249,1.133,2,0.359,0.754,2.8,0,0,0,0,0,0,0.236,1.14,2,0.077,0.857,0.6,0,0,0,0,0,0,0,0,0,0.061,1,0.5
Brandon Knight,Phoenix Suns,1138.8,0.104,0.882,2.3,0.129,1.224,2.8,0.427,0.736,9.4,0,0,0,0,0,0,0.14,1.087,3.1,0.074,0.8,1.6,0.024,1.222,0.5,0.051,0.81,1.1,0.01,0.833,0.2,0.039,0.578,0.9
Brandon Rush,Golden State Warriors,299.3,0,0,0,0.254,1.203,1.1,0.039,1.167,0.2,0,0,0,0,0,0,0.424,0.977,1.8,0,0,0,0.068,0.857,0.3,0.077,1.083,0.3,0.032,0.4,0.1,0.061,0.789,0.3
Brian Roberts,Charlotte Hornets,120,0.097,0.643,0.5,0.076,1.182,0.4,0.462,1.045,2.2,0,0,0,0,0,0,0.179,0.769,0.9,0,0,0,0,0,0,0,0,0,0,0,0,0,0,0
Briante Weber,Memphis Grizzlies,24,0,0,0,0,0,0,0.49,0.583,4,0,0,0,0,0,0,0,0,0,0,0,0,0,0,0,0,0,0,0,0,0,0,0,0
Brook Lopez,Brooklyn Nets,1518.4,0.066,0.929,1.4,0.037,1.145,0.8,0,0,0,0.212,0.987,4.4,0.298,0.951,6.1,0.085,0.805,1.8,0.007,0.909,0.2,0.137,1.33,2.8,0.013,0.737,0.3,0.099,1.094,2,0.047,0.493,1
Bryce Dejean-Jones,New Orleans Pelicans,50.4,0,0,0,0.18,0.625,1.1,0.135,2,0.9,0,0,0,0,0,0,0.258,0.522,1.6,0,0,0,0,0,0,0,0,0,0,0,0,0,0,0
C.J. Watson,Orlando Magic,151.8,0.056,0.8,0.3,0.219,0.897,1.2,0.258,0.717,1.4,0,0,0,0,0,0,0.219,1.231,1.2,0,0,0,0,0,0,0,0,0,0,0,0,0.09,0.25,0.5
CJ McCollum,Portland Trail Blazers,1712,0.114,0.867,2.4,0.131,1.049,2.8,0.374,0.924,8,0,0,0,0,0,0,0.148,1.102,3.2,0.078,0.903,1.7,0.022,1.211,0.5,0.08,0.934,1.7,0.012,1.095,0.3,0.037,0.746,0.8
CJ Miles,Indiana Pacers,748.8,0.026,1.05,0.3,0.204,1.181,2.4,0.071,0.704,0.8,0.025,0.842,0.3,0,0,0,0.291,1.059,3.5,0.105,0.925,1.3,0,0,0,0.187,1.014,2.2,0.024,1.056,0.3,0.05,0.368,0.6
Cameron Payne,Oklahoma City Thunder,324.9,0.033,0.727,0.2,0.132,1,0.8,0.456,0.901,2.7,0,0,0,0,0,0,0.249,0.916,1.5,0.033,0.364,0.2,0,0,0,0,0,0,0,0,0,0.048,0.25,0.3
Carl Landry,Philadelphia 76ers,302.4,0.054,0.588,0.5,0.054,1.353,0.5,0,0,0,0.173,1.13,1.5,0.204,1.078,1.8,0.166,1.058,1.4,0,0,0,0.153,1.25,1.3,0,0,0,0.121,1.342,1.1,0.035,0.545,0.3
Carmelo Anthony,New York Knicks,1656,0.237,0.952,5.5,0.081,0.933,1.9,0.131,0.803,3,0.017,0.966,0.4,0.222,0.921,5.1,0.115,1,2.6,0.026,0.977,0.6,0.031,1.154,0.7,0.04,1.076,0.9,0.042,1.159,1,0.057,0.674,1.3
Caron Butler,Sacramento Kings,40.8,0,0,0,0.172,1.091,0.6,0,0,0,0,0,0,0,0,0,0.469,0.933,1.8,0,0,0,0,0,0,0,0,0,0,0,0,0,0,0
Chandler Parsons,Dallas Mavericks,805.2,0.077,0.984,1,0.155,1.304,2,0.186,0.887,2.5,0.012,0.9,0.2,0.031,0.84,0.4,0.282,1.229,3.7,0.05,0.675,0.7,0.056,1.378,0.7,0.091,0.822,1.2,0.016,0.462,0.2,0.045,0.389,0.6
Channing Frye,Cleveland Cavaliers,241.2,0,0,0,0.072,1.563,0.4,0,0,0,0.206,1.152,1,0.094,1.176,0.7,0.497,1.178,3.5,0,0,0,0.054,1.75,0.3,0.099,0.545,0.5,0.054,0.833,0.3,0.09,0.55,0.5
Charlie Villanueva,Dallas Mavericks,353.4,0,0,0,0.122,1.067,0.7,0,0,0,0.108,1.075,0.6,0.062,0.783,0.4,0.377,0.755,2.2,0.035,1,0.2,0.041,1.467,0.2,0.152,0.679,0.9,0.049,1.056,0.3,0.033,0.25,0.2
Chase Budinger,Indiana Pacers,235.6,0,0,0,0.197,1.146,1,0.086,0.952,0.4,0,0,0,0,0,0,0.27,0.742,1.3,0.045,0.909,0.2,0.107,1,0.5,0.16,0.692,0.8,0.086,1.143,0.4,0.161,0.2,0.6
Chris Andersen,Memphis Grizzlies,78,0,0,0,0,0,0,0,0,0,0.233,0.95,1,0,0,0,0.128,1.091,0.6,0,0,0,0.198,1.412,0.9,0,0,0,0.198,1,0.9,0.116,0.7,0.5
Chris Bosh,Miami Heat,954,0.134,1.116,2.4,0.046,1.023,0.8,0.011,0.909,0.2,0.244,1.106,4.4,0.086,0.843,1.6,0.27,0.931,4.9,0.012,1.25,0.2,0.046,1.477,0.8,0.075,1.181,1.4,0.03,1.207,0.5,0.047,0.689,0.8
Chris Johnson,Utah Jazz,231,0,0,0,0.15,1.079,0.5,0.071,0.611,0.3,0,0,0,0,0,0,0.474,0.642,1.7,0.115,0.828,0.4,0.051,1.385,0.2,0,0,0,0,0,0,0.067,0.647,0.2
Chris McCullough,Brooklyn Nets,115,0,0,0,0.132,0.778,0.7,0,0,0,0.213,0.931,1.2,0,0,0,0.309,0.857,1.7,0,0,0,0.096,1,0.5,0,0,0,0.096,0.769,0.5,0,0,0
Chris Paul,LA Clippers,1440,0.152,0.914,2.9,0.129,1.145,2.5,0.519,0.941,10,0,0,0,0.014,1.2,0.3,0.062,1.156,1.2,0.033,0.957,0.6,0,0,0,0.009,0.538,0.2,0.01,1.571,0.2,0.065,0.819,1.3
Clint Capela,Houston Rockets,531.3,0,0,0,0.128,1,0.9,0,0,0,0.185,1.168,1.3,0.044,0.583,0.3,0,0,0,0,0,0,0.292,1.069,2.1,0,0,0,0.235,1.039,1.7,0.09,0.469,0.6
Cody Zeller,Charlotte Hornets,598.6,0.02,0.583,0.2,0.112,1.294,0.9,0,0,0,0.288,1.217,2.4,0.026,0.938,0.2,0.117,0.549,1,0,0,0,0.198,1.208,1.6,0.038,0.957,0.3,0.104,1.27,0.9,0.087,0.434,0.7
Cole Aldrich,LA Clippers,330,0,0,0,0.043,1.071,0.2,0,0,0,0.433,1.148,2.4,0.064,0.571,0.4,0,0,0,0,0,0,0.21,1.101,1.1,0,0,0,0.14,1.087,0.8,0.104,0.294,0.6
Corey Brewer,Houston Rockets,688.8,0.02,0.857,0.2,0.33,1.096,2.8,0.046,0.5,0.4,0,0,0,0,0,0,0.327,0.792,2.8,0.067,0.696,0.6,0.049,1,0.4,0.065,0.444,0.5,0.023,0.75,0.2,0.061,0.619,0.5
Cory Joseph,Toronto Raptors,752,0.112,0.826,1.1,0.094,1.306,0.9,0.462,0.879,4.4,0,0,0,0,0,0,0.192,0.857,1.8,0.03,0.826,0.3,0,0,0,0.02,1,0.2,0,0,0,0.068,0.308,0.7
Courtney Lee,Memphis Grizzlies,489.6,0.041,0.7,0.4,0.151,1.324,1.5,0.157,0.636,1.5,0,0,0,0,0,0,0.3,0.98,2.9,0.041,1.05,0.4,0.045,1.636,0.4,0.184,0.911,1.8,0.022,0.727,0.2,0.057,0.857,0.5
Cristiano Felicio,Chicago Bulls,80.6,0,0,0,0,0,0,0,0,0,0.333,1.294,1.1,0,0,0,0.147,0.933,0.5,0,0,0,0.167,1.294,0.5,0,0,0,0.157,0.938,0.5,0,0,0
D'Angelo Russell,Los Angeles Lakers,1240,0.059,1.082,0.9,0.158,0.949,2.4,0.383,0.715,5.9,0,0,0,0.061,0.934,1,0.155,0.995,2.4,0.045,0.875,0.7,0.039,1.396,0.6,0.029,0.806,0.5,0.02,0.68,0.3,0.05,0.452,0.8
D.J. Augustin,Oklahoma City Thunder,316.4,0.065,0.762,0.8,0.14,1.356,1.6,0.489,0.904,5.6,0,0,0,0,0,0,0.28,1.043,1.4,0.065,0.905,0.8,0,0,0,0,0,0,0,0,0,0.069,1,0.8
Damian Lillard,Portland Trail Blazers,1897.5,0.172,1.012,4.4,0.105,0.91,2.7,0.43,0.921,10.9,0,0,0,0,0,0,0.08,1.23,2,0.066,0.944,1.7,0.031,1.203,0.8,0.056,1,1.4,0.009,1.167,0.2,0.049,0.731,1.2
Danilo Gallinari,Denver Nuggets,969.9,0.189,0.847,3.5,0.099,1.542,1.8,0.12,0.81,2.2,0.04,1.256,0.7,0.085,1.11,1.5,0.213,0.961,3.9,0.066,1.109,1.2,0.054,1.423,1,0.047,1.152,0.9,0.035,1.059,0.6,0.053,0.922,1
Danny Green,San Antonio Spurs,663.6,0.018,0.5,0.2,0.21,0.978,1.7,0.044,0.552,0.4,0,0,0,0,0,0,0.427,0.954,3.6,0.05,0.485,0.4,0.049,1.25,0.4,0.105,0.797,0.9,0.03,1.1,0.3,0.064,0.333,0.5
Dante Cunningham,New Orleans Pelicans,488,0,0,0,0.189,1.323,1.2,0.039,0.579,0.2,0.045,1.318,0.3,0,0,0,0.436,0.912,2.7,0.028,0.643,0.2,0.116,1.14,0.7,0.022,1.455,0.1,0.045,0.591,0.3,0.059,0.241,0.4
Darrell Arthur,Denver Nuggets,574,0.024,0.286,0.2,0.083,1.063,0.7,0,0,0,0.208,0.925,1.7,0.08,0.957,0.7,0.301,1.011,2.5,0,0,0,0.118,0.941,1,0.026,1.6,0.2,0.078,0.911,0.6,0.078,0.222,0.6
Darren Collison,Sacramento Kings,991.6,0.111,0.901,1.5,0.301,1.187,4.1,0.253,0.937,3.4,0,0,0,0,0,0,0.184,1.093,2.5,0.034,1.088,0.5,0.032,0.875,0.4,0,0,0,0.01,1,0.1,0.067,0.761,0.9
Darrun Hilliard,Detroit Pistons,144.4,0,0,0,0.132,1.227,0.6,0.299,0.64,1.3,0,0,0,0,0,0,0.275,1.109,1.2,0.06,1.1,0.3,0.09,1.067,0.4,0,0,0,0,0,0,0,0,0
David Lee,Boston Celtics,264.5,0.055,0.429,0.5,0.101,1.368,0.8,0,0,0,0.257,0.892,2.2,0.186,0.787,1.6,0.071,0.667,0.6,0,0,0,0.249,1.383,1.9,0,0,0,0.18,1.088,1.4,0.055,0.5,0.5
David West,San Antonio Spurs,538.2,0.035,0.684,0.2,0.071,0.897,0.5,0,0,0,0.194,0.896,1.4,0.21,1.078,1.5,0.179,1.051,1.3,0,0,0,0.148,1.185,1,0.02,1.727,0.1,0.06,1.485,0.4,0.071,0.256,0.5
DeAndre Jordan,LA Clippers,877.8,0,0,0,0.075,1.194,0.9,0,0,0,0.203,1.403,2.4,0.072,0.781,0.8,0,0,0,0,0,0,0.208,1.481,2.4,0,0,0,0.174,0.961,2,0.254,0.659,2.9
DeMar DeRozan,Toronto Raptors,1840.8,0.161,0.919,3.8,0.079,1.221,1.9,0.324,0.992,7.6,0,0,0,0.085,0.852,2,0.106,0.995,2.5,0.042,0.987,1,0.016,1.552,0.4,0.136,0.839,3.2,0.012,1.091,0.3,0.038,1.058,0.9
DeMarcus Cousins,Sacramento Kings,1865.5,0.111,0.684,3.2,0.126,1.034,3.6,0.012,1,0.3,0.148,0.982,4.3,0.194,0.959,5.6,0.164,0.909,4.7,0.025,0.766,0.7,0.052,1.214,1.5,0.025,0.745,0.7,0.07,1.115,2,0.072,0.689,2.1
DeMarre Carroll,Toronto Raptors,317.2,0.059,0.632,0.7,0.214,1.014,2.7,0.093,0.667,1.2,0,0,0,0,0,0,0.325,1.105,4,0.034,0.636,0.4,0.08,0.846,1,0.08,0.462,1,0.043,1,0.5,0.056,0.556,0.7
Dennis Schroder,Atlanta Hawks,1048,0.069,0.958,0.9,0.096,0.96,1.3,0.544,0.71,7.1,0,0,0,0,0,0,0.123,1.078,1.6,0.061,1.156,0.8,0.015,1,0.2,0.045,1.085,0.6,0,0,0,0.044,0.478,0.6
Deron Williams,Dallas Mavericks,1001,0.11,0.875,1.7,0.105,0.953,1.6,0.276,0.718,4.3,0,0,0,0.086,0.862,1.3,0.167,1.077,2.6,0.058,0.847,0.9,0.018,1.222,0.3,0.115,1.009,1.8,0,0,0,0.06,0.738,0.9
Derrick Favors,Utah Jazz,1004.4,0.025,0.885,0.4,0.036,1.054,0.6,0,0,0,0.221,1.106,3.6,0.226,0.857,3.7,0.107,0.642,1.8,0,0,0,0.227,1.259,3.7,0,0,0,0.086,1.307,1.4,0.06,0.344,1
Derrick Rose,Chicago Bulls,1293.6,0.097,0.817,1.9,0.146,0.852,2.9,0.435,0.842,8.5,0,0,0,0,0,0,0.167,0.94,3.3,0.036,0.652,0.7,0.035,0.733,0.7,0.013,0.882,0.3,0.022,0.75,0.4,0.044,0.614,0.9
Derrick Williams,New York Knicks,760,0.109,0.938,1,0.206,1.052,1.9,0.051,0.737,0.5,0.074,1.018,0.7,0.096,0.93,0.9,0.21,0.923,2,0.027,0.9,0.3,0.109,1.346,1,0.05,0.919,0.5,0.038,1.286,0.4,0.031,0.739,0.3
Devin Booker,Phoenix Suns,1140,0.062,0.814,0.9,0.186,1.166,2.8,0.268,0.799,4,0,0,0,0.033,1.108,0.5,0.114,0.899,1.7,0.072,0.683,1.1,0.041,1.37,0.6,0.133,0.954,2,0.011,1.417,0.2,0.081,0.522,1.2
Devin Harris,Dallas Mavericks,492.8,0.036,0.778,0.3,0.211,1.133,1.6,0.223,0.793,1.7,0,0,0,0,0,0,0.288,1.021,2.2,0.048,0.958,0.4,0.058,1.552,0.5,0.034,1.059,0.3,0,0,0,0.091,0.6,0.7
Dewayne Dedmon,Orlando Magic,226.2,0,0,0,0.083,1.55,0.3,0,0,0,0.273,1.379,1.1,0.062,1.067,0.3,0,0,0,0,0,0,0.244,0.983,1,0,0,0,0.186,0.978,0.8,0.107,0.308,0.4
Dion Waiters,Oklahoma City Thunder,873.6,0.152,0.772,1.7,0.191,0.854,2.2,0.254,0.689,2.9,0,0,0,0,0,0,0.244,1.041,2.8,0.036,0.906,0.4,0,0,0,0.07,0.889,0.8,0.011,1,0.1,0.025,0.455,0.3
Dirk Nowitzki,Dallas Mavericks,1312.5,0.046,1.066,0.8,0.046,1.344,0.8,0,0,0,0.186,1.033,3.3,0.296,1.021,5.2,0.222,0.938,3.9,0.008,0.8,0.1,0.032,1.548,0.6,0.086,0.965,1.5,0.027,1.086,0.5,0.046,0.85,0.8
Donald Sloan,Brooklyn Nets,463.6,0.061,1,0.5,0.176,1.083,1.4,0.328,0.752,2.6,0,0,0,0,0,0,0.205,1.031,1.6,0.054,0.846,0.4,0.082,0.974,0.6,0,0,0,0,0,0,0.069,0.424,0.5
Donatas Motiejunas,Houston Rockets,266.4,0,0,0,0.095,0.962,0.7,0,0,0,0.182,0.88,1.4,0.219,0.867,1.6,0.212,0.793,1.6,0,0,0,0.131,0.889,1,0,0,0,0.062,0.882,0.5,0.058,0.375,0.4
Doug McDermott,Chicago Bulls,712.8,0,0,0,0.163,1.042,1.5,0.036,1.192,0.3,0,0,0,0.029,0.905,0.3,0.281,1.167,2.5,0.14,0.97,1.2,0.102,1.365,0.9,0.157,0.805,1.4,0.04,1,0.4,0.033,0.625,0.3
Draymond Green,Golden State Warriors,1231.2,0.05,0.902,0.8,0.185,0.881,2.8,0.05,0.852,0.8,0.126,1.019,1.9,0.087,0.67,1.3,0.197,1.013,3,0.013,1.25,0.2,0.097,1.373,1.5,0.023,1.107,0.3,0.071,0.965,1.1,0.101,0.423,1.5
Drew Gooden,Washington Wizards,96,0,0,0,0.091,0.727,0.4,0,0,0,0.264,0.469,1.1,0,0,0,0.264,0.594,1.1,0,0,0,0,0,0,0,0,0,0.14,1.176,0.6,0,0,0
Dwight Howard,Houston Rockets,965.6,0,0,0,0.063,1.115,0.9,0,0,0,0.093,1.099,1.3,0.305,0.822,4.2,0,0,0,0,0,0,0.222,1.384,3,0,0,0,0.148,1.146,2,0.159,0.529,2.2
Dwight Powell,Dallas Mavericks,400.2,0,0,0,0.065,1.346,0.4,0,0,0,0.234,0.936,1.4,0,0,0,0.144,0.621,0.8,0,0,0,0.269,1.426,1.6,0.095,0.5,0.6,0.092,0.892,0.5,0.08,0.75,0.5
Dwyane Wade,Miami Heat,1561.4,0.11,0.715,2.3,0.128,1.045,2.7,0.348,0.846,7.4,0,0,0,0.105,0.855,2.2,0.073,0.974,1.5,0.044,0.783,0.9,0.05,1.038,1.1,0.056,1.011,1.2,0.038,1.22,0.8,0.047,0.781,1
E'Twaun Moore,Chicago Bulls,448.4,0.033,0.733,0.3,0.182,0.94,1.4,0.248,0.796,1.9,0,0,0,0.024,0.727,0.2,0.277,1.143,2.1,0.097,1.023,0.7,0.048,1.545,0.4,0,0,0,0.026,1,0.2,0.048,0.636,0.4
Ed Davis,Portland Trail Blazers,469.8,0,0,0,0.031,1,0.2,0,0,0,0.249,1.042,1.5,0.044,1,0.3,0,0,0,0,0,0,0.27,1.192,1.6,0,0,0,0.284,1.212,1.7,0.091,0.591,0.5
Elfrid Payton,Orlando Magic,985.5,0.071,0.857,1,0.154,0.98,2.1,0.348,0.678,4.7,0,0,0,0,0,0,0.18,0.785,2.4,0.057,0.75,0.8,0.054,0.981,0.7,0.019,0.368,0.3,0.041,1.275,0.5,0.074,0.589,1
Elton Brand,Philadelphia 76ers,62.9,0,0,0,0,0,0,0,0,0,0.271,0.565,1.4,0,0,0,0.153,0.769,0.8,0,0,0,0.306,0.923,1.5,0,0,0,0,0,0,0,0,0
Emmanuel Mudiay,Denver Nuggets,1224,0.067,0.543,1.2,0.153,0.817,2.7,0.43,0.641,7.7,0,0,0,0.028,0.441,0.5,0.15,0.78,2.7,0.048,0.931,0.9,0.029,1.086,0.5,0.035,1.093,0.6,0.014,0.765,0.3,0.048,0.552,0.9
Enes Kanter,Oklahoma City Thunder,934.8,0.015,0.714,0.2,0.088,1.361,1,0,0,0,0.202,1.095,2.3,0.19,0.888,2.2,0.051,1.167,0.6,0,0,0,0.167,1.287,1.9,0,0,0,0.217,1.196,2.5,0.065,0.639,0.7
Eric Bledsoe,Phoenix Suns,668.8,0.131,0.798,2.8,0.187,1.087,4,0.382,0.973,8.1,0,0,0,0.016,0.545,0.3,0.122,0.843,2.6,0.027,0.778,0.6,0.016,1.364,0.3,0.044,0.633,0.9,0,0,0,0.06,0.683,1.3
Eric Gordon,New Orleans Pelicans,670.5,0.069,0.766,1,0.162,1.2,2.4,0.264,0.95,4,0,0,0,0,0,0,0.276,1.059,4.2,0.066,0.867,1,0.015,1.4,0.2,0.111,0.947,1.7,0,0,0,0.028,0.842,0.4
Ersan Ilyasova,Detroit Pistons,608.4,0,0,0,0.145,1.27,1.7,0,0,0,0.134,0.695,1.6,0.044,0.852,0.5,0.339,0.99,4,0.016,0.7,0.2,0.067,1.073,0.8,0.064,0.949,0.8,0.129,0.987,1.5,0.049,0.267,0.6
Evan Fournier,Orlando Magic,1161.3,0.051,0.983,0.7,0.16,1.342,2.4,0.218,0.804,3.2,0,0,0,0,0,0,0.248,1.052,3.7,0.086,0.941,1.3,0.045,1.308,0.7,0.126,1.075,1.9,0.015,1.176,0.2,0.044,0.627,0.6
Evan Turner,Boston Celtics,1004.4,0.105,0.895,1.3,0.15,1.04,1.9,0.315,0.708,3.9,0,0,0,0.105,0.99,1.3,0.138,0.746,1.7,0.057,0.982,0.7,0.043,1.233,0.5,0.022,0.818,0.3,0.023,0.826,0.3,0.041,0.585,0.5
Festus Ezeli,Golden State Warriors,317.4,0,0,0,0.056,1.389,0.4,0,0,0,0.16,1.058,1.1,0.213,0.696,1.5,0,0,0,0,0,0,0.302,1.286,2.1,0,0,0,0.157,0.863,1.1,0.096,0.516,0.7
Frank Kaminsky,Charlotte Hornets,639.9,0.039,0.92,0.3,0.062,1.075,0.5,0,0,0,0.205,1,1.6,0.108,0.786,0.9,0.33,0.813,2.6,0.017,0.455,0.1,0.094,1.295,0.8,0.029,1.053,0.2,0.048,1.355,0.4,0.059,0.658,0.5
Garrett Temple,Washington Wizards,624,0.023,1.143,0.2,0.317,1.076,2.5,0.098,0.59,0.8,0,0,0,0,0,0,0.325,0.97,2.5,0.026,0.75,0.2,0.042,0.808,0.3,0.079,0.735,0.6,0.024,1.067,0.2,0.063,0.744,0.5
Gary Harris,Denver Nuggets,919.6,0.039,0.778,0.5,0.214,1.221,2.6,0.104,0.8,1.3,0,0,0,0,0,0,0.265,0.983,3.2,0.147,0.888,1.8,0.098,1.27,1.2,0.077,0.971,0.9,0.02,1.111,0.2,0.035,0.656,0.4
Gary Neal,Washington Wizards,364,0.061,1.565,0.6,0.138,1.058,1.3,0.245,1.076,2.3,0,0,0,0,0,0,0.253,0.884,2.4,0.098,1.243,0.9,0,0,0,0.141,0.981,1.3,0,0,0,0.035,0.154,0.3
George Hill,Indiana Pacers,895.4,0.048,0.86,0.6,0.206,1.059,2.5,0.287,0.792,3.5,0,0,0,0.012,0.727,0.1,0.198,1.112,2.4,0.041,0.892,0.5,0.034,1.581,0.4,0.092,1.157,1.1,0.024,1.318,0.3,0.054,0.633,0.7
Gerald Green,Miami Heat,662.4,0.033,0.682,0.3,0.173,1,1.7,0.073,0.837,0.7,0,0,0,0.028,1.737,0.3,0.35,1.009,3.4,0.118,0.797,1.1,0.036,0.917,0.3,0.112,0.693,1.1,0.028,1.053,0.3,0.046,0.548,0.4
Gerald Henderson,Portland Trail Blazers,655.2,0.086,0.807,0.8,0.131,1.161,1.2,0.182,0.719,1.7,0,0,0,0.078,0.846,0.7,0.221,0.986,2,0.074,0.816,0.7,0.053,1.429,0.5,0.083,0.836,0.8,0.024,1.375,0.2,0.057,0.474,0.5
Giannis Antetokounmpo,Milwaukee Bucks,1400,0.155,0.825,2.7,0.204,1.224,3.6,0.1,0.814,1.8,0.025,0.829,0.4,0.081,0.798,1.4,0.165,0.835,2.9,0.025,0.571,0.4,0.109,1.314,1.9,0.011,0.6,0.2,0.06,1.226,1.1,0.065,0.648,1.1
Glenn Robinson III,Indiana Pacers,166.5,0,0,0,0.263,1.163,1.1,0.091,0.294,0.4,0,0,0,0,0,0,0.258,0.792,1.1,0.054,1.3,0.2,0.129,1.458,0.5,0.102,0.474,0.4,0,0,0,0,0,0
Goran Dragic,Miami Heat,1137.6,0.062,0.914,1,0.206,1.073,3.3,0.379,0.789,6,0,0,0,0,0,0,0.158,1,2.5,0.058,0.742,0.9,0.027,1.032,0.4,0.038,0.814,0.6,0.023,1.231,0.4,0.046,0.615,0.7
Gordon Hayward,Utah Jazz,1608,0.11,0.881,2.2,0.136,1.312,2.7,0.244,0.824,4.9,0.009,1.929,0.2,0.021,0.879,0.4,0.195,0.994,3.9,0.115,0.843,2.3,0.039,1.161,0.8,0.075,0.86,1.5,0.02,1.125,0.4,0.037,0.75,0.8
Gorgui Dieng,Minnesota Timberwolves,828.2,0.037,0.645,0.4,0.072,1.383,0.7,0,0,0,0.223,0.946,2.3,0.157,0.9,1.6,0.142,0.898,1.4,0,0,0,0.169,1.386,1.7,0,0,0,0.088,1.178,0.9,0.107,0.438,1.1
Greg Monroe,Milwaukee Bucks,1192.9,0.052,0.855,0.8,0.054,1.231,0.8,0,0,0,0.108,1.069,1.6,0.338,0.862,5.2,0.062,0.96,0.9,0,0,0,0.176,1.203,2.7,0.011,0.846,0.2,0.141,1.153,2.2,0.047,0.719,0.7
Greg Smith,Minnesota Timberwolves,27,0,0,0,0,0,0,0,0,0,0.319,0.8,0.8,0,0,0,0,0,0,0,0,0,0.277,1.154,0.7,0,0,0,0,0,0,0,0,0
Greivis Vasquez,Milwaukee Bucks,163.3,0,0,0,0.09,0.588,0.7,0.319,0.55,2.6,0,0,0,0,0,0,0.34,0.797,2.8,0.074,1.214,0.6,0,0,0,0,0,0,0,0,0,0.053,0.1,0.4
Harrison Barnes,Golden State Warriors,745.8,0.087,0.815,1,0.191,1.133,2.2,0.044,0.939,0.5,0.029,0.955,0.3,0.127,0.905,1.4,0.295,1.077,3.3,0.013,0.8,0.2,0.096,1.194,1.1,0.041,0.903,0.5,0.036,1.148,0.4,0.039,0.828,0.4
Hassan Whiteside,Miami Heat,963.6,0.021,0.9,0.3,0.04,1.316,0.5,0,0,0,0.208,1.342,2.7,0.219,0.786,2.9,0.02,0.895,0.3,0,0,0,0.181,1.405,2.4,0,0,0,0.205,1.189,2.7,0.103,0.343,1.4
Henry Sims,Brooklyn Nets,95.2,0,0,0,0,0,0,0,0,0,0.204,1.048,1.5,0.175,0.778,1.3,0.117,0.5,0.9,0,0,0,0.184,1.263,1.4,0,0,0,0.117,1,0.9,0.107,0.364,0.8
Hollis Thompson,Philadelphia 76ers,793.1,0.016,0.692,0.2,0.191,1.113,2,0.066,0.558,0.7,0,0,0,0,0,0,0.397,1.102,4.1,0.113,0.753,1.2,0.046,1.167,0.5,0.082,0.662,0.8,0.042,0.909,0.4,0.034,0.37,0.4
Ian Mahinmi,Indiana Pacers,639,0.023,0.667,0.2,0.078,1.373,0.7,0,0,0,0.209,1.125,1.9,0.108,0.8,1,0.08,0.673,0.7,0,0,0,0.296,1.161,2.7,0,0,0,0.091,1.203,0.8,0.109,0.479,1
Iman Shumpert,Cleveland Cavaliers,372.6,0.078,0.7,0.6,0.158,1.148,1.1,0.153,0.746,1.1,0,0,0,0,0,0,0.415,0.844,3,0.034,0.385,0.2,0,0,0,0.049,0.842,0.4,0,0,0,0.07,0.333,0.5
Isaiah Canaan,Philadelphia 76ers,870.1,0.111,0.722,1.3,0.184,1.081,2.1,0.203,0.758,2.3,0,0,0,0,0,0,0.279,1.074,3.2,0.089,1.013,1,0.023,0.75,0.3,0.056,1.061,0.6,0,0,0,0.041,0.694,0.5
Isaiah Thomas,Boston Celtics,1836.8,0.08,0.966,1.8,0.228,1.079,5.1,0.31,0.857,6.9,0,0,0,0,0,0,0.133,1.078,3,0.093,0.93,2.1,0.017,1.219,0.4,0.086,1.051,1.9,0.009,1.235,0.2,0.044,0.914,1
Ish Smith,Philadelphia 76ers,905,0.103,0.621,1.9,0.197,0.945,3.6,0.442,0.71,8.1,0,0,0,0,0,0,0.136,0.992,2.5,0.041,0.895,0.8,0,0,0,0.013,0.833,0.2,0.013,0.75,0.2,0.043,0.6,0.8
J.J. Barea,Dallas Mavericks,843.6,0.089,0.688,1,0.086,1.041,1,0.528,0.87,6.1,0,0,0,0,0,0,0.172,1.243,2,0.051,0.955,0.6,0.012,1.6,0.1,0.017,0.867,0.2,0,0,0,0.037,0.375,0.4
JJ Hickson,Denver Nuggets,152,0,0,0,0.086,1,0.7,0,0,0,0.276,1.095,2.1,0.092,0.786,0.7,0.086,0.462,0.7,0,0,0,0.243,0.973,1.9,0,0,0,0.118,1,0.9,0.072,0.182,0.6
JJ Redick,LA Clippers,1035,0.025,0.846,0.3,0.122,1.307,1.7,0.055,0.86,0.8,0,0,0,0,0,0,0.166,1.52,2.3,0.185,0.959,2.6,0.014,1,0.2,0.387,1.124,5.4,0,0,0,0.036,1.184,0.5
JR Smith,Cleveland Cavaliers,939.4,0.128,0.733,1.6,0.153,1.139,1.9,0.079,0.676,1,0,0,0,0.013,0.417,0.2,0.337,1.183,4.1,0.046,1.14,0.6,0.018,0.941,0.2,0.166,1.077,2,0,0,0,0.047,0.568,0.6
JaKarr Sampson,Philadelphia 76ers,291.4,0.043,0.231,0.3,0.234,0.9,1.5,0.057,0.471,0.4,0,0,0,0,0,0,0.261,0.551,1.7,0.087,1.231,0.6,0.161,1.083,1,0,0,0,0.067,1.05,0.4,0.054,0.563,0.3
JaMychal Green,Memphis Grizzlies,631.8,0.033,0.762,0.3,0.087,1.164,0.7,0,0,0,0.148,0.894,1.2,0.139,0.841,1.1,0.18,0.763,1.5,0,0,0,0.159,1.178,1.3,0,0,0,0.18,1.009,1.5,0.066,0.429,0.5
JaVale McGee,Dallas Mavericks,159.8,0,0,0,0,0,0,0,0,0,0.227,1.154,1.1,0.076,0.385,0.4,0.058,1,0.3,0,0,0,0.291,1.3,1.5,0,0,0,0.198,0.941,1,0.081,0.214,0.4
Jabari Parker,Milwaukee Bucks,1117.2,0.091,0.716,1.3,0.182,1.212,2.7,0.06,0.701,0.9,0.049,0.727,0.7,0.071,1,1,0.225,0.813,3.3,0.018,0.6,0.3,0.172,1.182,2.5,0.024,1,0.4,0.063,1.2,0.9,0.045,0.48,0.7
Jae Crowder,Boston Celtics,1000.1,0.021,0.667,0.3,0.207,1.164,2.8,0.073,0.781,1,0.038,1.237,0.5,0.035,0.943,0.5,0.33,1.027,4.5,0.065,0.985,0.9,0.056,1.464,0.8,0.074,1.041,1,0.035,1.086,0.5,0.066,0.697,0.9
Jahlil Okafor,Philadelphia 76ers,964.6,0.19,0.866,3.5,0.066,1.338,1.2,0,0,0,0.131,1.015,2.4,0.32,0.851,5.9,0.046,0.911,0.8,0,0,0,0.111,0.89,2.1,0,0,0,0.085,1.298,1.6,0.04,0.487,0.7
Jamal Crawford,LA Clippers,1153.4,0.224,1.004,3.3,0.118,1.152,1.7,0.296,0.817,4.4,0,0,0,0,0,0,0.18,1.071,2.7,0.088,0.824,1.3,0,0,0,0.033,0.795,0.5,0.009,1.273,0.1,0.041,0.75,0.6
Jameer Nelson,Denver Nuggets,374.4,0.078,1,0.8,0.093,0.917,0.9,0.47,0.665,4.7,0,0,0,0,0,0,0.207,0.775,2.1,0.072,0.964,0.7,0,0,0,0,0,0,0,0,0,0.039,0.467,0.4
James Anderson,Sacramento Kings,209.1,0,0,0,0.265,0.581,1.2,0.167,0.692,0.8,0,0,0,0,0,0,0.329,0.766,1.5,0.077,0.667,0.4,0,0,0,0.043,1.1,0.2,0,0,0,0,0,0
James Ennis III,New Orleans Pelicans,104.4,0,0,0,0.194,1.64,2.8,0.132,0.824,1.9,0,0,0,0,0,0,0.31,1.05,4.4,0,0,0,0,0,0,0.078,0.8,1.1,0.101,0.846,1.4,0,0,0
James Harden,Houston Rockets,2345.2,0.242,0.926,6.9,0.21,1.073,6,0.259,0.97,7.4,0,0,0,0.048,0.911,1.4,0.082,1.267,2.3,0.037,0.954,1.1,0.017,1.205,0.5,0.034,1.038,1,0.012,0.724,0.4,0.056,0.809,1.6
James Johnson,Toronto Raptors,307.8,0.173,0.839,1,0.154,0.92,0.9,0.065,0.857,0.4,0,0,0,0.056,0.833,0.3,0.306,0.859,1.7,0,0,0,0.065,1.333,0.4,0.04,0.615,0.2,0.052,1.412,0.3,0.043,0.143,0.2
Jared Dudley,Washington Wizards,583.2,0,0,0,0.204,1.097,1.5,0,0,0,0.135,0.951,1,0,0,0,0.433,1.11,3.3,0,0,0,0.067,1.366,0.5,0.056,0.765,0.4,0.03,1,0.2,0.041,0.52,0.3
Jared Sullinger,Boston Celtics,972,0.058,0.579,0.7,0.069,0.985,0.8,0,0,0,0.168,0.873,2,0.163,0.825,2,0.209,0.824,2.5,0,0,0,0.089,1.046,1.1,0.048,0.851,0.6,0.125,1.081,1.5,0.065,0.313,0.8
Jarell Martin,Memphis Grizzlies,159.3,0.074,0.833,0.4,0.104,1.176,0.6,0,0,0,0.147,0.708,0.9,0.092,0.8,0.6,0.147,0.75,0.9,0,0,0,0.166,1.259,1,0,0,0,0.172,1.214,1,0.08,0.462,0.5
Jarrett Jack,Brooklyn Nets,483.2,0.101,0.66,1.6,0.109,0.815,1.7,0.439,0.829,6.8,0,0,0,0,0,0,0.184,0.89,2.8,0.047,0.783,0.7,0,0,0,0.028,0.429,0.4,0,0,0,0.071,0.771,1.1
Jason Smith,Orlando Magic,592.8,0,0,0,0.046,1.222,0.4,0,0,0,0.404,1.004,3.1,0.024,0.357,0.2,0.27,0.931,2.1,0,0,0,0.063,1.054,0.5,0.037,0.727,0.3,0.046,1,0.4,0.097,0.456,0.8
Jason Terry,Houston Rockets,424.8,0.034,0.467,0.2,0.197,1.151,1.2,0.14,0.82,0.8,0,0,0,0,0,0,0.442,0.99,2.7,0.055,1,0.3,0,0,0,0.043,1.211,0.3,0,0,0,0.066,0.552,0.4
Jason Thompson,Toronto Raptors,60.8,0,0,0,0,0,0,0,0,0,0.171,1,0.7,0,0,0,0.256,0.952,1.1,0,0,0,0.159,1.615,0.7,0,0,0,0.171,1.071,0.7,0,0,0
Jeff Green,Memphis Grizzlies,686.8,0.096,1.03,1.2,0.141,1.186,1.8,0.186,0.875,2.4,0.075,1.083,0.9,0.084,0.845,1.1,0.179,0.764,2.3,0.041,0.786,0.5,0.077,1.302,1,0.058,0.925,0.8,0.051,1.057,0.7,0.055,0.526,0.7
Jeff Teague,Atlanta Hawks,1335.1,0.139,0.834,2.4,0.174,1.107,2.9,0.406,0.785,6.9,0,0,0,0.01,1.077,0.2,0.103,1.348,1.7,0.055,0.784,0.9,0.016,1.333,0.3,0.033,0.705,0.6,0,0,0,0.058,0.795,1
Jeff Withey,Utah Jazz,214.2,0,0,0,0.06,1.385,0.3,0,0,0,0.18,1.077,0.8,0,0,0,0.078,0.706,0.3,0,0,0,0.373,1.136,1.6,0,0,0,0.171,1.027,0.7,0.115,0.56,0.5
Jerami Grant,Philadelphia 76ers,862.4,0.119,0.824,1.3,0.16,1.116,1.8,0.027,0.652,0.3,0.105,0.6,1.2,0.057,0.878,0.6,0.249,0.846,2.8,0.028,0.917,0.3,0.126,1.074,1.4,0.024,0.81,0.3,0.06,0.904,0.7,0.045,0.359,0.5
Jeremy Lamb,Charlotte Hornets,587.4,0.069,0.805,0.6,0.119,1.042,1.1,0.243,0.966,2.2,0,0,0,0,0,0,0.188,0.955,1.7,0.059,0.686,0.5,0.08,1.396,0.7,0.159,1.032,1.4,0.047,1.179,0.4,0.028,0.235,0.3
Jeremy Lin,Charlotte Hornets,1006.2,0.074,0.787,1,0.132,1.007,1.7,0.327,0.789,4.3,0,0,0,0,0,0,0.219,0.86,2.8,0.073,0.905,0.9,0.042,1.442,0.6,0.071,1.181,0.9,0,0,0,0.055,0.786,0.7
Jerian Grant,New York Knicks,516.8,0.096,0.784,0.7,0.157,1.06,1.1,0.35,0.724,2.4,0,0,0,0,0,0,0.193,0.824,1.3,0.049,1.038,0.3,0.038,1.6,0.3,0.047,0.44,0.3,0,0,0,0.06,0.219,0.4
Jerryd Bayless,Milwaukee Bucks,535.6,0.072,0.974,0.8,0.156,1.047,1.6,0.211,0.791,2.2,0,0,0,0,0,0,0.299,1.239,3.1,0.09,0.592,0.9,0.026,0.929,0.3,0.086,1.234,0.9,0,0,0,0.048,0.423,0.5
Jimmy Butler,Chicago Bulls,1380.2,0.123,0.905,2.5,0.121,1.078,2.5,0.317,0.894,6.5,0.009,1.167,0.2,0.057,0.859,1.2,0.106,0.959,2.2,0.055,1.066,1.1,0.092,1.532,1.9,0.049,1.044,1,0.027,1.216,0.6,0.044,0.783,0.9
Joakim Noah,Chicago Bulls,194.3,0,0,0,0.069,0.571,0.5,0,0,0,0.099,0.6,0.7,0.049,0.6,0.3,0.079,0.688,0.6,0,0,0,0.143,1.138,1,0,0,0,0.296,0.733,2.1,0.212,0.093,1.5
Joe Ingles,Utah Jazz,356.4,0.044,0.813,0.2,0.108,1.154,0.5,0.155,0.571,0.7,0,0,0,0,0,0,0.448,1.228,2,0.146,0.623,0.7,0,0,0,0.03,1.091,0.1,0,0,0,0.047,0.118,0.2
Joe Johnson,Brooklyn Nets,752.4,0.143,0.8,1.9,0.109,1.012,1.5,0.239,0.707,3.2,0,0,0,0.122,0.83,1.6,0.236,1.077,3.2,0.019,0.867,0.3,0,0,0,0.061,1.085,0.8,0.014,0.636,0.2,0.036,0.286,0.5
Joffrey Lauvergne,Denver Nuggets,462,0.03,0.286,0.2,0.081,1.368,0.6,0,0,0,0.246,1.104,1.9,0.141,1.03,1.1,0.191,0.798,1.5,0,0,0,0.131,1.262,1,0,0,0,0.096,1.133,0.8,0.073,0.441,0.6
John Henson,Milwaukee Bucks,399,0,0,0,0.062,1.04,0.4,0,0,0,0.219,1.09,1.6,0.14,0.719,1,0.034,0.643,0.2,0,0,0,0.296,1.175,2.1,0,0,0,0.143,1.19,1,0.094,0.237,0.7
John Jenkins,Phoenix Suns,88,0,0,0,0.212,0.875,1.1,0.265,0.8,1.4,0,0,0,0,0,0,0.168,1.263,0.9,0,0,0,0,0,0,0.115,1.385,0.6,0,0,0,0,0,0
John Wall,Washington Wizards,1794.1,0.112,0.76,2.6,0.235,1.019,5.5,0.402,0.727,9.4,0,0,0,0.009,0.688,0.2,0.128,1.009,3,0.025,0.689,0.6,0.009,0.938,0.2,0.016,0.786,0.4,0.01,0.611,0.2,0.054,0.74,1.2
Johnny O'Bryant III,Milwaukee Bucks,237.6,0,0,0,0.063,1.25,0.2,0,0,0,0.133,0.706,0.5,0.07,1,0.3,0.27,0.609,1,0,0,0,0.203,1,0.8,0,0,0,0.137,0.771,0.5,0.066,0.235,0.3
Jon Leuer,Phoenix Suns,582.9,0.079,0.891,0.7,0.106,1.145,0.9,0,0,0,0.235,1.182,2,0.075,0.886,0.7,0.236,0.812,2.1,0.019,0.818,0.2,0.089,1.019,0.8,0,0,0,0.084,1.204,0.7,0.063,0.324,0.6
Jonas Jerebko,Boston Celtics,351,0,0,0,0.142,1.151,0.7,0,0,0,0.118,0.568,0.6,0.048,0.611,0.2,0.366,0.978,1.7,0,0,0,0.118,1.227,0.6,0,0,0,0.07,0.731,0.3,0.083,0.548,0.4
Jonas Valanciunas,Toronto Raptors,708,0,0,0,0.039,1.25,0.5,0,0,0,0.142,1.267,1.7,0.274,0.867,3.3,0.032,1,0.4,0,0,0,0.207,1.429,2.5,0,0,0,0.203,1.014,2.4,0.086,0.754,1
Jonathon Simmons,San Antonio Spurs,324.5,0.082,0.667,0.5,0.194,1.344,1.2,0.158,0.846,0.9,0,0,0,0,0,0,0.282,0.989,1.7,0.064,1,0.4,0.079,1.462,0.5,0.048,0.875,0.3,0,0,0,0.064,0.429,0.4
Jordan Clarkson,Los Angeles Lakers,1327.2,0.1,0.598,1.7,0.154,0.941,2.6,0.36,0.868,6,0,0,0,0.008,0.6,0.1,0.136,1.05,2.3,0.059,1.167,1,0.054,1.239,0.9,0.057,0.974,1,0.033,1,0.5,0.039,0.654,0.7
Jordan Farmar,Memphis Grizzlies,100.8,0.098,0.583,1,0.09,1.273,0.9,0.377,1.043,3.8,0,0,0,0,0,0,0.189,0.739,1.9,0,0,0,0,0,0,0.082,0.6,0.8,0,0,0,0,0,0
Jordan Hamilton,New Orleans Pelicans,102.3,0.093,0.923,1.2,0.186,1.115,2.4,0.129,1.167,1.6,0,0,0,0,0,0,0.321,0.6,4.1,0,0,0,0,0,0,0,0,0,0,0,0,0,0,0
Jordan Hill,Indiana Pacers,700.8,0.049,0.706,0.5,0.047,0.909,0.5,0,0,0,0.198,0.964,1.9,0.241,0.822,2.3,0.076,0.736,0.7,0,0,0,0.173,1.198,1.7,0,0,0,0.131,1.207,1.3,0.076,0.34,0.7
Jordan McRae,Phoenix Suns,21.7,0,0,0,0.308,1,1.7,0.256,0.8,1.4,0,0,0,0,0,0,0,0,0,0,0,0,0,0,0,0,0,0,0,0,0,0,0,0
Jose Calderon,New York Knicks,554.4,0.022,0.917,0.2,0.102,0.982,0.8,0.381,0.83,2.9,0,0,0,0,0,0,0.23,1.289,1.8,0.077,1.093,0.6,0.029,1.313,0.2,0.077,1.047,0.6,0,0,0,0.075,0.31,0.6
Josh McRoberts,Miami Heat,163.8,0.128,0.8,0.6,0,0,0,0,0,0,0.184,0.806,0.9,0,0,0,0.342,0.716,1.6,0,0,0,0.071,1.429,0.3,0,0,0,0,0,0,0.117,0.261,0.5
Josh Richardson,Miami Heat,312.7,0.048,0.875,0.3,0.128,1.395,0.8,0.245,0.756,1.5,0,0,0,0,0,0,0.403,1.141,2.5,0.039,1.385,0.2,0.03,1.3,0.2,0,0,0,0,0,0,0.066,0.318,0.4
Josh Smith,Houston Rockets,288.2,0.126,0.852,1.2,0.136,0.788,1,0.093,0.4,0.9,0.248,0.567,1.9,0.099,0.833,0.8,0.265,0.912,2.5,0,0,0,0.107,0.846,0.8,0,0,0,0.05,1.167,0.4,0.099,0.292,0.8
Jrue Holiday,New Orleans Pelicans,1189.5,0.088,0.971,1.6,0.105,0.952,1.9,0.517,0.867,9.5,0,0,0,0.014,0.706,0.3,0.086,0.893,1.6,0.056,1.09,1,0.02,1.625,0.4,0.038,1.109,0.7,0.013,0.75,0.2,0.062,0.622,1.1
Julius Randle,Los Angeles Lakers,1093.5,0.218,0.72,3,0.158,1.04,2.1,0.022,0.667,0.3,0.094,0.728,1.3,0.119,0.656,1.6,0.112,0.699,1.5,0,0,0,0.087,1.2,1.2,0.022,0.5,0.3,0.104,1.096,1.4,0.058,0.563,0.8
Justin Anderson,Dallas Mavericks,220,0.053,0.5,0.2,0.176,1.5,0.7,0.141,0.688,0.6,0,0,0,0,0,0,0.322,0.959,1.3,0.066,0.933,0.3,0.044,0.9,0.2,0.075,0.235,0.3,0.044,1.4,0.2,0.057,0.692,0.2
Justin Holiday,Chicago Bulls,183.6,0.057,0.455,0.4,0.224,0.86,1.6,0.167,0.844,1.2,0,0,0,0,0,0,0.271,1.365,1.9,0.094,0.667,0.7,0,0,0,0.057,0.727,0.4,0,0,0,0.078,0.2,0.6
Justise Winslow,Miami Heat,600.6,0.025,0.667,0.2,0.241,0.973,1.9,0.07,0.442,0.6,0,0,0,0.034,0.476,0.3,0.302,0.772,2.4,0.043,0.423,0.3,0.12,1.068,0.9,0,0,0,0.075,1.065,0.6,0.066,0.475,0.5
Jusuf Nurkic,Denver Nuggets,336,0,0,0,0.032,1.364,0.3,0,0,0,0.245,1.012,2.6,0.319,0.639,3.4,0.032,0.545,0.3,0,0,0,0.118,1.025,1.3,0,0,0,0.153,0.654,1.6,0.094,0.313,1
Karl-Anthony Towns,Minnesota Timberwolves,1451.4,0.066,1.188,1.2,0.073,1.085,1.3,0,0,0,0.248,0.953,4.4,0.174,0.92,3.1,0.111,1.094,2,0,0,0,0.08,1.388,1.4,0.056,1.099,1,0.115,1.281,2,0.073,0.419,1.3
Kawhi Leonard,San Antonio Spurs,1324.8,0.118,0.987,2.2,0.128,1.206,2.4,0.137,1.017,2.5,0.011,1.214,0.2,0.13,1.017,2.4,0.235,1.251,4.3,0.064,1.047,1.2,0.043,1.421,0.8,0.066,1.149,1.2,0.035,1.13,0.6,0.035,0.935,0.6
Kelly Olynyk,Boston Celtics,683.1,0.029,0.4,0.3,0.139,1.316,1.4,0,0,0,0.194,1.038,1.9,0.073,0.92,0.7,0.249,1.059,2.5,0.05,0.706,0.5,0.075,1.216,0.7,0.057,1.026,0.6,0.066,0.8,0.7,0.057,0.385,0.6
Kelly Oubre Jr.,Washington Wizards,258.3,0,0,0,0.215,1.123,0.9,0.094,0.48,0.4,0,0,0,0,0,0,0.313,0.831,1.3,0.068,0.667,0.3,0.113,1.5,0.5,0.049,0.231,0.2,0.064,1.059,0.3,0.053,0.5,0.2
Kemba Walker,Charlotte Hornets,1684.8,0.077,0.723,1.6,0.138,1.236,2.9,0.467,0.894,9.7,0,0,0,0,0,0,0.14,1.144,2.9,0.06,1.069,1.2,0.02,1.455,0.4,0.033,1.055,0.7,0.013,1.318,0.3,0.053,0.778,1.1
Kendall Marshall,Philadelphia 76ers,153,0.114,0.737,0.6,0.084,0.429,0.5,0.293,0.408,1.6,0,0,0,0.06,0.8,0.3,0.281,1,1.6,0,0,0,0,0,0,0,0,0,0,0,0,0.096,0.125,0.5
Kendrick Perkins,New Orleans Pelicans,98.8,0,0,0,0,0,0,0,0,0,0.242,1,0.8,0.18,0.478,0.6,0,0,0,0,0,0,0.188,1.083,0.6,0,0,0,0,0,0,0.18,0.043,0.6
Kenneth Faried,Denver Nuggets,810.7,0.022,0.444,0.3,0.133,1.324,1.6,0,0,0,0.162,1.129,2,0.115,0.936,1.4,0.052,0.643,0.6,0,0,0,0.208,1.166,2.5,0,0,0,0.213,1.052,2.6,0.091,0.5,1.1
Kent Bazemore,Atlanta Hawks,930,0.048,1,0.6,0.234,1.074,2.9,0.151,0.593,1.9,0,0,0,0,0,0,0.301,0.986,3.7,0.068,0.683,0.8,0.089,1.159,1.1,0.046,1.279,0.6,0.015,1,0.2,0.046,0.605,0.6
Kentavious Caldwell-Pope,Detroit Pistons,1155.2,0.05,0.81,0.8,0.222,1.19,3.4,0.224,0.823,3.4,0,0,0,0,0,0,0.255,0.899,3.9,0.052,0.754,0.8,0.032,1.432,0.5,0.081,0.681,1.2,0.034,1.1,0.5,0.047,0.782,0.7
Kevin Durant,Oklahoma City Thunder,1828.8,0.149,0.989,3.8,0.151,1.318,3.8,0.19,0.934,4.8,0.055,1.08,1.4,0.081,1.235,2.1,0.11,1.129,2.8,0.022,1.25,0.6,0.04,1.493,1,0.141,0.973,3.6,0.013,1.174,0.3,0.048,0.851,1.2
Kevin Garnett,Minnesota Timberwolves,125.4,0,0,0,0.093,1.077,0.3,0,0,0,0.2,1.214,0.7,0.186,0.923,0.7,0.257,0.833,0.9,0,0,0,0.093,0.846,0.3,0,0,0,0,0,0,0.121,0.235,0.4
Kevin Love,Cleveland Cavaliers,1255.1,0.033,0.929,0.5,0.09,1.096,1.5,0,0,0,0.153,0.953,2.5,0.246,0.981,4,0.263,1.063,4.3,0.015,0.737,0.2,0.043,1.019,0.7,0.046,1.034,0.8,0.056,0.887,0.9,0.052,0.394,0.9
Kevin Martin,Minnesota Timberwolves,436.8,0.131,0.93,1.5,0.154,1.239,1.7,0.154,0.657,1.7,0,0,0,0.041,0.778,0.5,0.149,0.862,1.7,0.053,0.696,0.6,0.046,1.35,0.5,0.22,1,2.5,0,0,0,0.044,0.895,0.5
Kevin Seraphin,New York Knicks,259.7,0.054,0.857,0.3,0.058,0.8,0.3,0,0,0,0.136,0.857,0.7,0.434,0.625,2.3,0.07,0.667,0.4,0,0,0,0.109,1.107,0.6,0,0,0,0.047,1,0.2,0.089,0.261,0.5
Khris Middleton,Milwaukee Bucks,1445.7,0.111,0.963,2,0.136,1.245,2.5,0.18,0.782,3.3,0.017,0.84,0.3,0.081,0.855,1.5,0.164,1.059,3,0.103,1.047,1.9,0.021,0.933,0.4,0.118,0.977,2.2,0.013,0.579,0.2,0.055,0.837,1
Kirk Hinrich,Chicago Bulls,136.5,0,0,0,0.205,1.194,0.9,0.278,0.738,1.2,0,0,0,0,0,0,0.252,0.816,1.1,0.086,1.308,0.4,0,0,0,0,0,0,0,0,0,0.079,0.083,0.3
Klay Thompson,Golden State Warriors,1600,0.05,0.802,1,0.175,1.24,3.5,0.071,0.93,1.4,0.009,0.714,0.2,0.037,0.797,0.7,0.17,1.178,3.4,0.036,1.207,0.7,0.084,1.221,1.7,0.31,1.054,6.3,0.012,1.211,0.2,0.045,0.89,0.9
Kobe Bryant,Los Angeles Lakers,1353,0.199,0.712,4,0.096,0.984,2,0.21,0.836,4.3,0.009,0.833,0.2,0.136,0.852,2.8,0.127,0.982,2.6,0.069,0.763,1.4,0.018,0.958,0.4,0.072,0.959,1.5,0.019,1.115,0.4,0.044,0.525,0.9
Kosta Koufos,Sacramento Kings,522.6,0,0,0,0.078,1.071,0.5,0,0,0,0.21,0.991,1.4,0.132,0.718,0.9,0,0,0,0,0,0,0.327,1.142,2.3,0,0,0,0.171,1.174,1.2,0.056,0.2,0.4
Kostas Papanikolaou,Denver Nuggets,78,0,0,0,0.118,0.727,0.4,0.14,0,0.5,0,0,0,0,0,0,0.376,0.771,1.3,0.108,1.5,0.4,0,0,0,0,0,0,0,0,0,0.118,0.455,0.4
Kris Humphries,Washington Wizards,199.5,0,0,0,0.133,1.192,0.9,0,0,0,0.256,1.12,1.8,0,0,0,0.349,0.809,2.4,0,0,0,0.168,1.087,1.1,0,0,0,0.092,0.944,0.6,0.117,1.125,0.8
Kristaps Porzingis,New York Knicks,1101.6,0.061,0.765,0.9,0.072,0.95,1.1,0.012,0.615,0.2,0.137,1.072,2.1,0.15,0.821,2.3,0.248,0.812,3.8,0,0,0,0.107,1.125,1.7,0.075,0.893,1.2,0.072,1.235,1.1,0.058,0.708,0.9
Kyle Anderson,San Antonio Spurs,374.4,0.136,1.132,0.7,0.156,0.787,0.8,0.097,0.895,0.5,0,0,0,0.097,0.737,0.5,0.279,1.018,1.4,0.049,0.526,0.2,0.041,1.25,0.2,0,0,0,0.036,0.643,0.2,0.067,0.462,0.3
Kyle Korver,Atlanta Hawks,712,0,0,0,0.139,1.16,1.3,0.068,0.918,0.6,0,0,0,0,0,0,0.24,1.127,2.2,0.132,0.958,1.2,0.035,1.16,0.3,0.314,1,2.8,0,0,0,0.058,0.333,0.5
Kyle Lowry,Toronto Raptors,1640.1,0.098,0.931,2.1,0.168,1.208,3.6,0.357,0.863,7.6,0.007,1.417,0.2,0.018,0.733,0.4,0.157,1.156,3.3,0.055,1.079,1.2,0.007,1.727,0.1,0.061,0.89,1.3,0.012,0.895,0.2,0.06,0.732,1.3
Kyle O'Quinn,New York Knicks,364,0.064,0.957,0.4,0.064,1.174,0.4,0,0,0,0.197,0.775,1.1,0.183,0.727,1,0.147,0.887,0.8,0,0,0,0.142,1.078,0.8,0,0,0,0.1,1.167,0.6,0.086,0.323,0.5
Kyle Singler,Oklahoma City Thunder,251.6,0,0,0,0.185,1.14,0.7,0,0,0,0,0,0,0,0,0,0.402,0.817,1.6,0.055,0.267,0.2,0.125,0.853,0.5,0,0,0,0.089,0.958,0.4,0.063,0.353,0.3
Kyrie Irving,Cleveland Cavaliers,1075.9,0.143,0.948,2.9,0.131,1.214,2.6,0.436,0.893,8.8,0,0,0,0.019,0.8,0.4,0.107,0.965,2.2,0.043,0.717,0.9,0.013,1.5,0.3,0.043,1.022,0.9,0.014,0.667,0.3,0.049,0.827,1
LaMarcus Aldridge,San Antonio Spurs,1272.8,0.012,0.933,0.2,0.048,1.419,0.8,0,0,0,0.202,0.903,3.5,0.337,0.998,5.8,0.156,0.865,2.7,0,0,0,0.09,1.435,1.6,0.027,0.686,0.5,0.098,1.413,1.7,0.024,0.484,0.4
Lamar Patterson,Atlanta Hawks,87.5,0,0,0,0.114,1.615,0.4,0.114,0.385,0.4,0,0,0,0,0,0,0.43,0.592,1.4,0,0,0,0.096,1.273,0.3,0,0,0,0,0,0,0,0,0
Lance Stephenson,Memphis Grizzlies,389.9,0.31,0.793,4.7,0.113,0.932,1.7,0.218,0.976,3.3,0,0,0,0.051,0.75,0.8,0.156,1.033,2.3,0.038,1.067,0.6,0.036,1.571,0.5,0,0,0,0.038,1.2,0.6,0.049,0.727,0.3
Lance Thomas,New York Knicks,472,0.066,1.063,0.5,0.131,1.141,1.1,0.06,0.759,0.5,0.025,0.833,0.2,0.053,1.231,0.4,0.39,1.074,3.2,0,0,0,0.086,1.024,0.7,0.057,0.643,0.5,0.039,1.158,0.3,0.078,0.421,0.6
Langston Galloway,New York Knicks,697,0.048,0.758,0.4,0.22,1.072,1.9,0.174,0.744,1.5,0,0,0,0,0,0,0.28,0.907,2.4,0.081,0.786,0.7,0.05,1.343,0.4,0.061,0.738,0.5,0.027,1.105,0.2,0.058,0.525,0.5
Larry Nance Jr.,Los Angeles Lakers,346.5,0.039,0.857,0.2,0.115,1.537,0.7,0,0,0,0.115,0.829,0.7,0,0,0,0.215,0.779,1.2,0,0,0,0.198,1.155,1.1,0.036,0.615,0.2,0.151,1.019,0.9,0.081,0.586,0.5
Lavoy Allen,Indiana Pacers,450.3,0,0,0,0.085,1.175,0.5,0,0,0,0.172,1,1,0.085,0.525,0.5,0.136,0.688,0.8,0,0,0,0.22,1.135,1.3,0,0,0,0.191,1.156,1.1,0.091,0.256,0.5
LeBron James,Cleveland Cavaliers,1869.6,0.191,0.853,4.7,0.195,1.319,4.8,0.216,0.885,5.3,0.036,1.358,0.9,0.106,0.893,2.6,0.067,1,1.6,0.019,1.257,0.5,0.057,1.39,1.4,0.021,0.923,0.5,0.036,1.299,0.9,0.058,0.495,1.4
Leandro Barbosa,Golden State Warriors,442,0.058,0.731,0.4,0.273,1.22,1.8,0.144,0.908,1,0,0,0,0,0,0,0.193,0.908,1.3,0.053,0.958,0.4,0.036,1,0.2,0.156,0.986,1,0,0,0,0.067,0.467,0.4
Lou Williams,Los Angeles Lakers,971.5,0.093,1.187,1.4,0.142,1.058,2.1,0.437,1.014,6.4,0,0,0,0,0,0,0.103,1.17,1.5,0.079,0.883,1.1,0.015,1.333,0.2,0.088,0.965,1.3,0.015,1.4,0.2,0.024,0.478,0.3
Luc Mbah a Moute,LA Clippers,262.5,0,0,0,0.184,1.102,0.7,0,0,0,0.075,0.75,0.3,0,0,0,0.297,0.861,1.1,0,0,0,0.248,1.091,0.9,0,0,0,0.083,0.636,0.3,0.049,0.231,0.2
Luis Scola,Toronto Raptors,691.6,0,0,0,0.136,1.427,1.3,0,0,0,0.184,0.831,1.7,0.155,0.725,1.4,0.294,0.966,2.7,0,0,0,0.078,1.091,0.7,0,0,0,0.082,0.931,0.8,0.051,0.5,0.5
Luke Babbitt,New Orleans Pelicans,305.5,0.045,0.467,0.3,0.139,1.196,1,0.069,1.043,0.5,0,0,0,0,0,0,0.44,0.945,3.1,0.048,1.188,0.3,0,0,0,0.108,1,0.8,0.066,0.909,0.5,0,0,0
Luol Deng,Miami Heat,925,0.043,0.487,0.5,0.155,1.326,1.9,0.029,0.846,0.4,0.07,1,0.9,0.067,0.639,0.8,0.355,0.95,4.4,0.019,1.059,0.2,0.095,1.276,1.2,0.045,0.61,0.6,0.069,1.349,0.9,0.054,0.633,0.7
Manu Ginobili,San Antonio Spurs,562.6,0.062,1.056,0.6,0.098,1.158,1,0.238,0.691,2.4,0,0,0,0,0,0,0.272,1.113,2.7,0.077,0.956,0.8,0.068,1.2,0.7,0.079,1.043,0.8,0,0,0,0.068,0.375,0.7
Marc Gasol,Memphis Grizzlies,936,0.056,0.885,1,0.019,1.167,0.3,0,0,0,0.221,1.087,4,0.402,0.888,7.2,0.105,0.704,1.9,0,0,0,0.082,1.26,1.5,0.014,0.769,0.3,0.032,0.767,0.6,0.067,0.476,1.2
Marcelo Huertas,Los Angeles Lakers,307.4,0.031,0.9,0.2,0.138,0.636,0.8,0.484,0.774,2.9,0,0,0,0,0,0,0.119,0.816,0.7,0.059,0.526,0.4,0.034,1.273,0.2,0,0,0,0,0,0,0.097,0.129,0.6
Marcin Gortat,Washington Wizards,967.5,0.011,0.909,0.1,0.076,1.23,1,0,0,0,0.231,1.212,3,0.156,0.895,2,0.016,0.938,0.2,0,0,0,0.314,1.134,4.1,0,0,0,0.107,1.01,1.4,0.082,0.313,1.1
Marco Belinelli,Sacramento Kings,748,0,0,0,0.13,1.34,1.5,0.133,0.569,1.5,0,0,0,0,0,0,0.203,0.814,2.3,0.093,0.662,1,0.038,1.345,0.4,0.336,0.977,3.8,0,0,0,0.047,0.333,0.5
Marcus Morris Sr.,Detroit Pistons,1192,0.146,0.806,2.2,0.11,1.121,1.6,0.123,0.714,1.8,0.043,0.824,0.6,0.138,0.988,2.1,0.227,1.118,3.4,0.033,0.725,0.5,0.02,1.667,0.3,0.048,0.845,0.7,0.043,1.038,0.7,0.069,0.578,1
Marcus Smart,Boston Celtics,683.2,0.047,0.656,0.5,0.168,0.922,1.9,0.182,0.774,2,0,0,0,0.061,0.81,0.7,0.252,0.785,2.8,0.059,0.725,0.7,0.05,1.176,0.6,0.029,0.6,0.3,0.067,0.957,0.8,0.081,0.618,0.9
Marcus Thornton,Houston Rockets,498.2,0.046,0.652,0.5,0.184,0.957,2,0.214,0.907,2.3,0,0,0,0,0,0,0.266,0.91,2.8,0.066,0.545,0.7,0.044,0.955,0.5,0.078,1.359,0.8,0.034,1.294,0.4,0.058,0.931,0.6
Mario Chalmers,Memphis Grizzlies,627,0.058,1,0.7,0.152,1.096,1.7,0.399,0.887,4.5,0,0,0,0,0,0,0.168,0.923,1.9,0.06,1.081,0.7,0.023,1.429,0.3,0.024,0.6,0.3,0.023,0.929,0.3,0.09,0.768,1
Mario Hezonja,Orlando Magic,529.3,0.043,0.826,0.3,0.159,1.14,1.1,0.204,0.627,1.4,0,0,0,0,0,0,0.256,0.913,1.7,0.074,1.25,0.5,0.031,1.176,0.2,0.139,0.787,0.9,0.026,1.143,0.2,0.057,0.419,0.4
Markel Brown,Brooklyn Nets,416,0.031,0.462,0.2,0.172,1.125,1.1,0.236,0.717,1.5,0,0,0,0,0,0,0.289,0.893,1.9,0.038,0.313,0.3,0.045,1.158,0.3,0.088,0.838,0.6,0.033,1,0.2,0.064,0.741,0.4
Markieff Morris,Washington Wizards,548.6,0.109,0.689,1.6,0.119,1.024,1.6,0.023,0.538,0.3,0.142,0.962,2.1,0.247,0.727,3.7,0.246,0.954,3.2,0,0,0,0.064,0.889,0.9,0.048,1.148,0.7,0.045,1.25,0.6,0.087,0.449,1.3
Marreese Speights,Golden State Warriors,561.6,0.051,0.759,0.4,0.07,1.35,0.6,0,0,0,0.218,1.081,1.7,0.086,0.776,0.7,0.189,0.944,1.5,0,0,0,0.102,0.914,0.8,0.107,0.852,0.8,0.107,0.738,0.8,0.065,0.27,0.5
Marvin Williams,Charlotte Hornets,882.9,0,0,0,0.081,1.127,0.9,0.021,0.833,0.2,0.148,1.131,1.6,0.043,1.158,0.5,0.395,1.121,4.3,0.037,1.25,0.4,0.064,1.179,0.7,0.046,0.925,0.5,0.09,1.076,1,0.071,0.694,0.8
Mason Plumlee,Portland Trail Blazers,811.8,0.054,0.614,0.5,0.127,1.125,1.3,0,0,0,0.208,0.982,2.1,0.086,0.873,0.9,0.043,0.629,0.4,0,0,0,0.23,1.116,2.3,0,0,0,0.114,0.947,1.1,0.125,0.437,1.3
Matt Barnes,Memphis Grizzlies,881.6,0.029,0.6,0.3,0.207,0.972,2.4,0.053,0.739,0.6,0.033,1.207,0.4,0.023,0.45,0.3,0.311,0.937,3.6,0.031,0.778,0.4,0.093,0.975,1.1,0.07,0.705,0.8,0.062,1.019,0.7,0.086,0.427,1
Matthew Dellavedova,Cleveland Cavaliers,638.4,0.034,0.591,0.3,0.09,1.017,0.8,0.467,0.682,4,0,0,0,0,0,0,0.232,1.24,2,0.06,0.821,0.5,0.017,1.636,0.1,0.02,1,0.2,0,0,0,0.062,0.425,0.5
Maurice Harkless,Portland Trail Blazers,514.8,0.037,0.789,0.2,0.167,1.23,1.1,0.062,0.688,0.4,0.021,0.455,0.1,0.044,0.478,0.3,0.281,0.856,1.9,0.035,1.167,0.2,0.125,1.354,0.8,0.046,0.875,0.3,0.129,1.045,0.9,0.054,0.464,0.4
Metta World Peace,Los Angeles Lakers,196,0.114,0.6,0.7,0.087,0.684,0.5,0.1,1.045,0.6,0,0,0,0.174,0.605,1.1,0.283,1.048,1.8,0.091,0.25,0.6,0,0,0,0,0,0,0.055,0.75,0.3,0,0,0
Meyers Leonard,Portland Trail Blazers,518.5,0,0,0,0.068,1.167,0.6,0,0,0,0.264,1.086,2.3,0.058,0.871,0.5,0.354,1.005,3.1,0,0,0,0.072,1.026,0.6,0.024,1.308,0.2,0.041,0.682,0.4,0.094,0.38,0.8
Michael Beasley,Houston Rockets,244,0.175,0.977,2.2,0.151,1.474,1.9,0.052,0.615,0.7,0.124,0.645,1.6,0.056,0.786,0.7,0.203,1.078,2.5,0,0,0,0.08,1.05,1,0,0,0,0.072,1.278,0.9,0.052,0.615,0.7
Michael Carter-Williams,Milwaukee Bucks,777.6,0.118,0.902,1.7,0.133,1.087,1.9,0.325,0.709,4.7,0,0,0,0.047,0.432,0.7,0.147,0.852,2.1,0.024,1.053,0.4,0.082,1.125,1.2,0.013,0.2,0.2,0.029,0.739,0.4,0.079,0.355,1.1
Michael Kidd-Gilchrist,Charlotte Hornets,64.4,0,0,0,0.3,1.333,3.4,0.175,1.143,2,0,0,0,0,0,0,0.213,0.706,2.4,0,0,0,0.125,1,1.4,0,0,0,0,0,0,0,0,0
Mike Conley,Memphis Grizzlies,879.2,0.064,1.018,1,0.114,0.949,1.8,0.433,0.86,6.8,0,0,0,0,0,0,0.125,1.064,1.9,0.094,0.988,1.5,0.026,1.609,0.4,0.08,1.157,1.3,0.014,1.333,0.2,0.048,0.786,0.8
Mike Dunleavy,Chicago Bulls,217,0,0,0,0.154,1.2,1.1,0.057,0.462,0.4,0,0,0,0,0,0,0.281,1.078,2.1,0.118,0.667,0.9,0.114,1.538,0.8,0.171,0.744,1.3,0,0,0,0.048,0.545,0.4
Mike Scott,Atlanta Hawks,420,0,0,0,0.159,1.197,0.9,0,0,0,0.188,1.107,1.1,0.081,1.056,0.5,0.282,1.032,1.7,0,0,0,0.152,1.147,0.9,0,0,0,0.056,0.8,0.3,0.036,0,0.2
Miles Plumlee,Milwaukee Bucks,292.8,0,0,0,0.056,1.353,0.3,0,0,0,0.203,1.443,1,0.123,1.027,0.6,0,0,0,0,0,0,0.309,1,1.5,0,0,0,0.173,0.923,0.9,0.093,0.429,0.5
Mirza Teletovic,Phoenix Suns,932.2,0.029,1.037,0.3,0.137,1.142,1.6,0.013,0.583,0.2,0.089,1.036,1.1,0.135,0.912,1.6,0.325,1.139,3.8,0.047,0.659,0.6,0.02,1.158,0.2,0.121,0.929,1.4,0.04,1.351,0.5,0.044,0.634,0.5
Mo Williams,Cleveland Cavaliers,369,0.04,0.933,0.4,0.147,0.855,1.3,0.432,0.778,4,0,0,0,0,0,0,0.184,1.116,1.7,0.069,0.962,0.6,0,0,0,0.043,1.063,0.4,0,0,0,0.069,0.923,0.6
Monta Ellis,Indiana Pacers,1296,0.073,0.76,1.2,0.175,1.026,2.8,0.383,0.779,6.2,0,0,0,0,0,0,0.147,1.005,2.4,0.067,0.682,1.1,0.019,1.28,0.3,0.056,0.838,0.9,0.014,1.222,0.2,0.055,0.583,0.9
Myles Turner,Indiana Pacers,648,0.04,0.769,0.4,0.074,1.313,0.8,0,0,0,0.278,0.839,3,0.219,0.845,2.4,0.083,0.815,0.9,0,0,0,0.139,1.433,1.5,0.025,0.75,0.3,0.068,1.25,0.7,0.073,0.532,0.8
Nemanja Bjelica,Minnesota Timberwolves,294,0.101,0.71,0.5,0.094,1.31,0.5,0,0,0,0.124,1.368,0.6,0.046,0.643,0.2,0.326,0.99,1.7,0,0,0,0.078,1.708,0.4,0,0,0,0.088,0.963,0.5,0.104,0.375,0.5
Nene,Washington Wizards,535.8,0.066,1,0.6,0.075,1.146,0.7,0,0,0,0.169,0.957,1.6,0.31,0.888,3,0.061,0.667,0.6,0,0,0,0.213,1.293,2,0,0,0,0.035,0.842,0.3,0.059,0.406,0.6
Nerlens Noel,Philadelphia 76ers,844.2,0.093,0.532,1.2,0.104,1.292,1.3,0,0,0,0.184,0.936,2.3,0.102,0.678,1.3,0.083,0.592,1.1,0,0,0,0.212,1.116,2.7,0,0,0,0.128,1.083,1.6,0.085,0.264,1.1
Nick Collison,Oklahoma City Thunder,147.5,0,0,0,0,0,0,0,0,0,0.256,0.909,0.7,0,0,0,0,0,0,0,0,0,0.244,0.857,0.7,0,0,0,0.209,0.917,0.6,0.174,0.2,0.5
Nick Young,Los Angeles Lakers,410.4,0.07,0.933,0.6,0.145,0.968,1.1,0.166,0.887,1.3,0,0,0,0,0,0,0.289,0.944,2.3,0.072,1.097,0.6,0,0,0,0.177,0.75,1.4,0,0,0,0.035,0.867,0.3
Nicolas Batum,Charlotte Hornets,1141,0.093,0.748,1.5,0.106,1.025,1.7,0.227,0.785,3.7,0,0,0,0.05,0.737,0.8,0.133,0.934,2.2,0.121,0.914,2,0.024,1,0.4,0.16,1.109,2.6,0.022,1.28,0.4,0.059,0.5,1
Nik Stauskas,Philadelphia 76ers,700.8,0.042,0.966,0.4,0.179,1.033,1.7,0.155,0.598,1.5,0,0,0,0,0,0,0.389,0.925,3.7,0.093,0.813,0.9,0.023,1.25,0.2,0.07,1.042,0.7,0.016,1.636,0.2,0.033,0.348,0.3
Nikola Jokic,Denver Nuggets,792,0.035,0.5,0.4,0.059,0.979,0.6,0,0,0,0.195,0.994,1.9,0.198,0.936,2,0.107,1,1.1,0,0,0,0.154,1.238,1.5,0,0,0,0.137,1.204,1.4,0.099,0.744,1
Nikola Mirotic,Chicago Bulls,785.4,0.039,0.742,0.5,0.116,0.88,1.4,0.028,0.318,0.3,0.076,1.033,0.9,0.111,0.83,1.3,0.364,1.111,4.4,0.053,0.643,0.6,0.056,1.136,0.7,0.051,1.175,0.6,0.046,1.361,0.5,0.061,0.625,0.7
Nikola Pekovic,Minnesota Timberwolves,46.8,0,0,0,0,0,0,0,0,0,0.159,1,0.9,0.522,0.667,3,0,0,0,0,0,0,0,0,0,0,0,0,0,0,0,0,0,0
Nikola Vucevic,Orlando Magic,1241.5,0.072,1.034,1.4,0.051,1.143,1,0.009,0.545,0.2,0.184,0.934,3.5,0.283,0.928,5.4,0.134,0.97,2.5,0.009,0.727,0.2,0.096,1.051,1.8,0.015,1.053,0.3,0.095,1.085,1.8,0.052,0.5,1
Noah Vonleh,Portland Trail Blazers,327.6,0.029,0.6,0.1,0.077,1.333,0.3,0,0,0,0.183,0.719,0.8,0.072,0.4,0.3,0.249,0.644,1.1,0,0,0,0.117,1.024,0.5,0,0,0,0.16,1.196,0.7,0.089,0.452,0.4
Norman Powell,Toronto Raptors,254.8,0,0,0,0.238,1.176,1.4,0.196,0.821,1.1,0,0,0,0,0,0,0.378,0.991,2.2,0,0,0,0.035,1,0.2,0.056,0.563,0.3,0,0,0,0,0,0
Norris Cole,New Orleans Pelicans,562.5,0.038,0.727,0.5,0.169,0.929,2.2,0.477,0.824,6.2,0,0,0,0,0,0,0.164,0.792,2.1,0.07,0.732,0.9,0,0,0,0,0,0,0,0,0,0.05,0.448,0.6
O.J. Mayo,Milwaukee Bucks,401.8,0.039,1,0.4,0.178,0.959,1.8,0.151,0.645,1.5,0,0,0,0.024,0.4,0.2,0.263,0.944,2.6,0.11,0.911,1.1,0.029,0.667,0.3,0.088,0.556,0.9,0,0,0,0.095,0.231,1
Omer Asik,New Orleans Pelicans,292.4,0,0,0,0,0,0,0,0,0,0.213,0.985,1,0,0,0,0,0,0,0,0,0,0.348,1.176,1.6,0,0,0,0.235,0.877,1.1,0.139,0.047,0.6
Omri Casspi,Sacramento Kings,786.6,0.027,0.952,0.3,0.235,1.156,2.7,0.044,0.543,0.5,0.028,0.864,0.3,0.013,1.2,0.1,0.382,1.023,4.4,0.046,1.25,0.5,0.092,1.055,1.1,0.047,1.162,0.5,0.046,1.167,0.5,0.042,0.364,0.5
Otto Porter Jr.,Washington Wizards,840,0.015,0.692,0.2,0.246,1.203,2.8,0.099,0.819,1.1,0.026,1.273,0.3,0.013,0.636,0.1,0.289,0.971,3.2,0.025,0.524,0.3,0.094,1.278,1.1,0.073,1.066,0.8,0.071,1.183,0.8,0.048,0.375,0.5
P.J. Tucker,Phoenix Suns,746.2,0.032,0.417,0.3,0.181,0.774,1.7,0.066,0.84,0.6,0.016,0.583,0.1,0.085,0.516,0.8,0.295,1.018,2.7,0.016,0.25,0.1,0.077,1.017,0.7,0.021,0.938,0.2,0.133,1.129,1.2,0.079,0.533,0.7
PJ Hairston,Charlotte Hornets,301.2,0,0,0,0.173,1.091,1.1,0.165,0.615,1.4,0,0,0,0,0,0,0.525,1.042,3.5,0.06,0.421,0.4,0,0,0,0.133,0.81,1.2,0.038,0.667,0.3,0,0,0
Pablo Prigioni,LA Clippers,182.9,0.08,0.5,0.3,0.126,1.32,0.4,0.442,0.67,1.5,0,0,0,0,0,0,0.186,1.027,0.6,0,0,0,0,0,0,0,0,0,0,0,0,0.095,0.263,0.3
Patrick Beverley,Houston Rockets,717.1,0.08,0.81,0.8,0.201,1.089,2.1,0.19,0.645,1.9,0.019,1.286,0.2,0,0,0,0.365,1.106,3.7,0.026,0.842,0.3,0,0,0,0,0,0,0.034,1.44,0.4,0.067,0.49,0.7
Patrick Patterson,Toronto Raptors,553,0,0,0,0.103,1,0.7,0,0,0,0.142,0.926,1,0.024,0.571,0.2,0.528,1.01,3.8,0,0,0,0.026,1.2,0.2,0,0,0,0.086,0.939,0.6,0.07,0.4,0.5
Patty Mills,San Antonio Spurs,696.6,0.023,0.938,0.2,0.136,0.897,1.2,0.284,0.837,2.5,0,0,0,0,0,0,0.243,1.127,2.1,0.077,0.873,0.7,0.049,1.2,0.4,0.122,1.184,1.1,0,0,0,0.051,0.361,0.4
Pau Gasol,Chicago Bulls,1281.6,0.058,0.813,1,0.05,1.219,0.9,0,0,0,0.212,0.993,3.8,0.207,0.805,3.7,0.202,1,3.6,0,0,0,0.072,1.108,1.3,0.017,1.136,0.3,0.087,1.009,1.6,0.089,0.47,1.6
Paul George,Indiana Pacers,1935.9,0.14,0.807,3.3,0.162,1.099,3.9,0.212,0.853,5,0.011,1,0.3,0.034,0.631,0.8,0.112,1.106,2.7,0.053,0.796,1.3,0.037,1.479,0.9,0.16,1.013,3.8,0.02,1.316,0.5,0.059,0.728,1.4
Paul Millsap,Atlanta Hawks,1441.8,0.079,0.743,1.4,0.109,1.077,1.9,0.015,0.81,0.3,0.18,0.973,3.2,0.16,1.039,2.8,0.194,0.878,3.4,0.009,0.923,0.2,0.117,1.232,2.1,0.032,0.674,0.6,0.058,1.024,1,0.048,0.551,0.9
Paul Pierce,LA Clippers,476,0.079,0.684,0.6,0.136,0.985,1,0.021,0.9,0.1,0.163,0.873,1.2,0.064,0.871,0.5,0.395,0.864,2.8,0,0,0,0,0,0,0.064,1.097,0.5,0,0,0,0.039,0.211,0.3
Phil Pressey,Philadelphia 76ers,67.2,0,0,0,0.275,0.909,1.6,0.4,0.469,2.3,0,0,0,0,0,0,0.163,0.846,0.9,0,0,0,0,0,0,0,0,0,0,0,0,0,0,0
Quincy Acy,Sacramento Kings,247.8,0,0,0,0.133,1.306,0.6,0,0,0,0.141,0.895,0.6,0,0,0,0.267,1.181,1.2,0,0,0,0.181,1.49,0.8,0,0,0,0.13,1.114,0.6,0.089,0.833,0.4
Rajon Rondo,Sacramento Kings,1130.4,0.074,0.75,1.2,0.198,0.671,3.1,0.393,0.749,6.2,0,0,0,0,0,0,0.154,0.903,2.4,0.024,0.889,0.4,0.038,1.14,0.6,0,0,0,0.025,0.893,0.4,0.089,0.446,1.4
Ramon Sessions,Washington Wizards,820,0.036,0.933,0.4,0.259,1.088,2.6,0.351,0.866,3.5,0,0,0,0,0,0,0.177,0.891,1.8,0.035,1.276,0.4,0.052,1.419,0.5,0.03,1.04,0.3,0,0,0,0.051,0.738,0.5
Randy Foye,Denver Nuggets,383.4,0.059,1.727,0.4,0.099,0.75,0.7,0.355,0.813,2.7,0,0,0,0,0,0,0.3,0.869,2.3,0.064,0.692,0.5,0,0,0,0.039,0.563,0.3,0,0,0,0.049,0.55,0.4
Rashad Vaughn,Milwaukee Bucks,273,0,0,0,0.196,0.915,0.8,0.073,0.545,0.3,0,0,0,0,0,0,0.465,0.693,2,0.047,0.786,0.2,0,0,0,0.133,0.75,0.6,0,0,0,0,0,0
Raul Neto,Utah Jazz,550.8,0.056,1.194,0.4,0.14,1,1,0.278,0.626,1.9,0,0,0,0,0,0,0.332,1.076,2.3,0.102,0.684,0.7,0.022,0.917,0.1,0,0,0,0,0,0,0.052,0.138,0.4
Ray McCallum,Memphis Grizzlies,82,0,0,0,0.17,0.813,1.6,0.33,0.613,3.1,0,0,0,0,0,0,0.138,1.077,1.3,0.128,0.833,1.2,0,0,0,0.106,0.8,1,0,0,0,0,0,0
Raymond Felton,Dallas Mavericks,888,0.102,0.856,1.1,0.086,1.026,1,0.45,0.775,5,0,0,0,0,0,0,0.223,0.898,2.5,0.026,1.304,0.3,0.018,1.375,0.2,0.023,0.9,0.3,0,0,0,0.066,0.828,0.7
Reggie Bullock,Detroit Pistons,81.4,0,0,0,0.161,1.056,0.5,0,0,0,0,0,0,0,0,0,0.464,1.288,1.4,0.098,1,0.3,0,0,0,0,0,0,0,0,0,0,0,0
Reggie Jackson,Detroit Pistons,1603.7,0.114,0.863,2.3,0.132,0.976,2.7,0.559,0.876,11.3,0,0,0,0,0,0,0.082,1.168,1.7,0.021,0.545,0.4,0.011,1.588,0.2,0.012,0.7,0.3,0.013,0.905,0.3,0.055,0.933,1.1
Richard Jefferson,Cleveland Cavaliers,384.8,0.041,0.75,0.2,0.164,1.313,0.9,0.064,0.96,0.3,0,0,0,0,0,0,0.477,1.048,2.5,0.079,1.032,0.4,0.054,1.571,0.3,0.049,0.895,0.3,0,0,0,0.051,0.3,0.3
Richaun Holmes,Philadelphia 76ers,275.4,0,0,0,0.084,1.458,0.5,0,0,0,0.213,1.033,1.2,0.042,0.833,0.2,0.143,0.61,0.8,0,0,0,0.262,1.24,1.5,0,0,0,0.136,1.282,0.8,0.073,0,0.4
Ricky Rubio,Minnesota Timberwolves,896.8,0.039,0.944,0.5,0.185,0.918,2.2,0.407,0.69,4.9,0,0,0,0,0,0,0.226,0.885,2.7,0.04,0.946,0.5,0.011,0.4,0.1,0,0,0,0,0,0,0.073,0.866,0.9
Robert Covington,Philadelphia 76ers,924.6,0.041,0.605,0.6,0.2,1.027,2.8,0.045,0.262,0.6,0.055,1.353,0.8,0,0,0,0.372,0.933,5.1,0.081,0.973,1.1,0.035,1,0.5,0.049,1,0.7,0.039,1.111,0.5,0.08,0.622,1.1
Robert Sacre,Los Angeles Lakers,102.5,0,0,0,0,0,0,0,0,0,0.236,1.04,1,0.179,0.684,0.8,0.104,0.818,0.4,0,0,0,0.142,0.733,0.6,0,0,0,0.17,0.944,0.7,0.142,0.6,0.6
Robin Lopez,New York Knicks,877.4,0.015,0.615,0.2,0.025,1.182,0.3,0,0,0,0.13,1.035,1.4,0.292,0.894,3.1,0.038,0.727,0.4,0,0,0,0.186,1.13,2,0,0,0,0.225,1.184,2.4,0.086,0.333,0.9
Rodney Hood,Utah Jazz,1168,0.087,1.078,1.3,0.078,1.196,1.1,0.293,0.876,4.3,0,0,0,0.024,0.966,0.4,0.285,1.089,4.2,0.111,0.908,1.6,0.02,1.167,0.3,0.041,0.604,0.6,0.016,1.158,0.2,0.04,0.277,0.6
Rodney Stuckey,Indiana Pacers,574.2,0.057,0.727,0.6,0.216,1.175,2.2,0.315,0.761,3.2,0,0,0,0,0,0,0.163,0.916,1.6,0.087,0.706,0.9,0.033,1.158,0.3,0.046,1.148,0.5,0,0,0,0.055,0.406,0.6
Rondae Hollis-Jefferson,Brooklyn Nets,165.3,0.058,0.545,0.4,0.222,1,1.4,0.111,0.857,0.7,0,0,0,0,0,0,0.238,0.844,1.6,0,0,0,0.085,1.313,0.6,0,0,0,0.095,0.722,0.6,0.058,0.909,0.4
Ronnie Price,Phoenix Suns,378.2,0.096,0.784,0.6,0.173,1.164,1.1,0.202,0.705,1.3,0,0,0,0,0,0,0.326,1.016,2,0.08,0.742,0.5,0,0,0,0.028,0.273,0.2,0,0,0,0.065,0.2,0.4
Roy Hibbert,Los Angeles Lakers,542.7,0,0,0,0.033,0.889,0.2,0,0,0,0.17,0.926,1.2,0.293,0.673,2,0.121,0.91,0.8,0,0,0,0.118,1.185,0.8,0,0,0,0.125,1.232,0.9,0.112,0.532,0.8
Rudy Gay,Sacramento Kings,1267,0.154,0.746,2.8,0.183,1.24,3.3,0.07,1.034,1.3,0.049,0.823,0.9,0.105,0.955,1.9,0.195,0.91,3.5,0.022,0.857,0.4,0.06,1.053,1.1,0.059,0.811,1.1,0.064,0.938,1.1,0.038,0.688,0.7
Rudy Gobert,Utah Jazz,603.9,0.018,0.545,0.2,0.066,1.1,0.7,0,0,0,0.175,1.085,1.7,0.04,0.667,0.4,0.021,0.692,0.2,0,0,0,0.292,1.017,2.9,0,0,0,0.233,1.043,2.3,0.153,0.409,1.5
Russell Westbrook,Oklahoma City Thunder,2048,0.125,0.744,3.2,0.233,1.145,5.9,0.354,0.85,9,0,0,0,0.093,0.953,2.4,0.069,0.844,1.8,0.023,0.872,0.6,0.019,1.237,0.5,0.01,1.05,0.3,0.03,0.852,0.8,0.044,0.64,1.1
Ryan Anderson,New Orleans Pelicans,1108.8,0.092,0.816,1.6,0.083,1.194,1.4,0.023,0.923,0.4,0.151,1.065,2.5,0.175,1.005,3,0.201,0.946,3.4,0.013,0.867,0.2,0.026,1.103,0.4,0.102,1.061,1.7,0.094,0.952,1.6,0.038,0.762,0.6
Ryan Hollins,Memphis Grizzlies,55.8,0,0,0,0,0,0,0,0,0,0.143,1.3,0.6,0,0,0,0,0,0,0,0,0,0.3,1.238,1.2,0,0,0,0.186,1.231,0.7,0.143,0.1,0.6
Ryan Kelly,Los Angeles Lakers,183.6,0.067,0.769,0.4,0.14,1.111,0.8,0,0,0,0.109,0.667,0.6,0.093,0.611,0.5,0.316,0.705,1.7,0,0,0,0.052,1.4,0.3,0,0,0,0.078,1.133,0.4,0.067,0.231,0.4
Salah Mejri,Dallas Mavericks,105.4,0,0,0,0,0,0,0,0,0,0.234,1.345,0.9,0,0,0,0,0,0,0,0,0,0.387,1.021,1.4,0,0,0,0.113,1.071,0.4,0.113,0.357,0.4
Sasha Vujacic,New York Knicks,317.2,0,0,0,0.148,0.8,0.8,0.107,0.833,0.6,0,0,0,0,0,0,0.349,0.975,1.9,0.118,0.7,0.7,0,0,0,0.163,0.909,0.9,0,0,0,0.062,0.714,0.3
Sean Kilpatrick,Brooklyn Nets,294.8,0.036,1.364,0.5,0.215,1.154,3,0.192,1,2.6,0,0,0,0,0,0,0.311,1.032,4.3,0.036,0.636,0.5,0.066,1.2,0.9,0.083,1,1.1,0,0,0,0.036,0.545,0.5
Serge Ibaka,Oklahoma City Thunder,1021.8,0.017,0.333,0.2,0.124,1.133,1.6,0,0,0,0.269,0.96,3.6,0.03,1,0.4,0.298,0.896,3.9,0,0,0,0.1,1.204,1.3,0.02,0.762,0.3,0.069,1.183,0.9,0.067,0.478,0.9
Seth Curry,Sacramento Kings,272.8,0.046,0.615,0.3,0.174,1.265,1.1,0.278,0.756,1.8,0,0,0,0,0,0,0.27,1.237,1.7,0.046,0.923,0.3,0,0,0,0.11,1.161,0.7,0,0,0,0.046,0.462,0.3
Shabazz Muhammad,Minnesota Timberwolves,852.8,0.052,0.622,0.5,0.202,1.19,2.1,0.069,0.915,0.7,0,0,0,0.099,0.953,1,0.207,0.82,2.2,0.042,0.694,0.4,0.091,1.474,1,0.105,0.844,1.1,0.094,1.272,1,0.038,0.636,0.4
Shabazz Napier,Orlando Magic,236.5,0.072,0.842,0.3,0.147,0.359,0.7,0.404,0.664,1.9,0,0,0,0,0,0,0.257,1.162,1.2,0.049,0.308,0.2,0,0,0,0,0,0,0,0,0,0,0,0
Shane Larkin,Brooklyn Nets,694.2,0.062,1.233,0.6,0.141,1,1.3,0.47,0.673,4.2,0,0,0,0,0,0,0.124,0.919,1.1,0.063,1.045,0.6,0.053,1.243,0.5,0,0,0,0,0,0,0.068,0.383,0.6
Shaun Livingston,Golden State Warriors,483.6,0.069,0.941,0.4,0.151,1.187,1,0.127,0.746,0.8,0,0,0,0.192,1,1.2,0.091,1.089,0.6,0.04,0.55,0.3,0.177,1.284,1.1,0,0,0,0.036,0.722,0.2,0.095,0.489,0.6
Shelvin Mack,Utah Jazz,408.8,0.069,1.034,1,0.135,1.105,2,0.356,0.673,5.4,0,0,0,0,0,0,0.238,0.97,3.6,0.116,0.98,1.8,0,0,0,0,0,0,0,0,0,0.055,0.217,0.8
Solomon Hill,Indiana Pacers,247.8,0.065,0.647,0.3,0.212,1.036,0.9,0.05,0.308,0.2,0.05,1.231,0.2,0,0,0,0.288,0.8,1.3,0,0,0,0.104,1.407,0.5,0.05,1.154,0.2,0.069,1.111,0.3,0.069,0.722,0.3
Sonny Weems,Phoenix Suns,111,0,0,0,0.144,0.737,0.5,0.22,0.586,0.8,0,0,0,0,0,0,0.25,0.909,0.9,0.114,0.733,0.4,0.098,0.462,0.4,0,0,0,0,0,0,0,0,0
Spencer Dinwiddie,Detroit Pistons,58.8,0.184,0.857,1.2,0.132,0.5,0.8,0.461,0.743,2.9,0,0,0,0,0,0,0,0,0,0,0,0,0,0,0,0,0,0,0,0,0,0,0,0
Spencer Hawes,Charlotte Hornets,381.9,0.031,0.417,0.2,0.048,1.105,0.3,0,0,0,0.181,1.014,1.2,0.137,0.796,0.9,0.285,0.911,2,0,0,0,0.127,1,0.9,0,0,0,0.074,1.034,0.5,0.099,0.231,0.7
Stanley Johnson,Detroit Pistons,759.2,0.092,0.6,1,0.187,0.986,1.9,0.217,0.618,2.3,0,0,0,0.043,0.576,0.5,0.257,0.8,2.7,0.067,0.784,0.7,0.021,1.5,0.2,0.024,0.667,0.2,0.045,0.941,0.5,0.04,0.733,0.4
Stephen Curry,Golden State Warriors,2006.6,0.1,1.075,2.5,0.201,1.215,5.1,0.262,1.11,6.7,0.007,0.933,0.2,0,0,0,0.091,1.495,2.3,0.047,1.179,1.2,0.06,1.317,1.5,0.142,1.196,3.6,0.016,0.938,0.4,0.073,0.789,1.9
Steve Blake,Detroit Pistons,330.6,0.03,0.8,0.2,0.085,0.429,0.5,0.415,0.745,2.4,0,0,0,0,0,0,0.236,1.128,1.3,0.064,0.524,0.4,0,0,0,0.036,1.333,0.2,0,0,0,0.118,0.308,0.7
Steven Adams,Oklahoma City Thunder,608,0,0,0,0.07,1.357,0.5,0,0,0,0.247,1.122,1.9,0.073,0.886,0.6,0,0,0,0,0,0,0.294,1.29,2.2,0,0,0,0.195,0.957,1.5,0.117,0.443,0.9
T.J. McConnell,Philadelphia 76ers,623.7,0.069,0.884,0.5,0.131,0.756,1,0.46,0.808,3.5,0,0,0,0,0,0,0.125,0.923,1,0.074,0.761,0.6,0.026,1.125,0.2,0.03,0.842,0.2,0.021,0.615,0.2,0.064,0.3,0.5
T.J. Warren,Phoenix Suns,493.5,0.042,0.857,0.4,0.235,1.085,2.5,0.103,0.865,1.1,0,0,0,0,0,0,0.223,1.116,2.4,0.044,0.364,0.5,0.091,1.239,1,0.109,1.273,1.2,0.089,1,1,0.042,0.619,0.4
Taj Gibson,Chicago Bulls,642.4,0.017,1.364,0.2,0.045,1.069,0.4,0,0,0,0.12,0.883,1.1,0.243,0.891,2.1,0.058,1.189,0.5,0,0,0,0.261,1.066,2.3,0,0,0,0.186,1.05,1.6,0.064,0.537,0.6
Tarik Black,Los Angeles Lakers,136,0,0,0,0,0,0,0,0,0,0.289,1,1.1,0.101,0.733,0.4,0,0,0,0,0,0,0.168,1.4,0.6,0,0,0,0.201,0.9,0.8,0.121,0.222,0.5
Tayshaun Prince,Minnesota Timberwolves,246.4,0,0,0,0.135,1.167,0.5,0.079,0.667,0.3,0.038,0.4,0.1,0.079,0.762,0.3,0.436,0.828,1.5,0,0,0,0.086,0.957,0.3,0,0,0,0,0,0,0.053,0.5,0.2
Terrence Jones,Houston Rockets,450,0.058,0.63,0.5,0.167,1.192,1.6,0,0,0,0.12,1.107,1.1,0.079,0.784,0.7,0.233,0.89,2.2,0,0,0,0.148,1.072,1.4,0,0,0,0.088,0.951,0.8,0.079,0.405,0.7
Terrence Ross,Toronto Raptors,686.2,0.06,0.738,0.6,0.138,1.292,1.3,0.118,0.768,1.1,0,0,0,0,0,0,0.343,1.126,3.3,0.055,0.737,0.5,0,0,0,0.237,1.024,2.3,0,0,0,0.027,0.789,0.3
Thabo Sefolosha,Atlanta Hawks,480,0,0,0,0.259,1.04,1.7,0.091,0.75,0.6,0,0,0,0,0,0,0.292,1.014,1.9,0.039,1.211,0.3,0.137,1.273,0.9,0.033,1.313,0.2,0.043,0.905,0.3,0.072,0.629,0.5
Thaddeus Young,Brooklyn Nets,1168,0.084,0.806,1.3,0.161,0.942,2.6,0.021,1,0.3,0.181,1.042,2.9,0.159,0.925,2.6,0.093,0.734,1.5,0,0,0,0.159,1.091,2.6,0.012,0.929,0.2,0.088,0.913,1.4,0.038,0.6,0.6
Thomas Robinson,Brooklyn Nets,397.6,0.067,0.444,0.4,0.092,1.135,0.5,0,0,0,0.263,0.774,1.5,0.05,0.3,0.3,0.06,0.458,0.3,0,0,0,0.119,1.042,0.7,0,0,0,0.246,0.99,1.4,0.092,0.108,0.5
Tiago Splitter,Atlanta Hawks,190.8,0,0,0,0.05,1.7,0.3,0,0,0,0.159,0.75,0.9,0.134,0.889,0.8,0,0,0,0,0,0,0.383,1.273,2.1,0,0,0,0.149,1.033,0.8,0.07,0.071,0.4
Tim Duncan,San Antonio Spurs,567.3,0,0,0,0.045,1.038,0.4,0,0,0,0.242,0.965,2.3,0.259,0.861,2.5,0.053,0.839,0.5,0,0,0,0.18,1.105,1.7,0,0,0,0.082,1.375,0.8,0.113,0.242,1.1
Tim Frazier,New Orleans Pelicans,209.6,0.134,0.935,1.9,0.172,0.85,2.5,0.448,0.837,6.5,0,0,0,0,0,0,0.108,0.84,1.6,0,0,0,0,0,0,0,0,0,0,0,0,0.043,0.5,0.6
Tim Hardaway Jr.,Atlanta Hawks,290.7,0,0,0,0.269,1.205,1.6,0.084,0.538,0.5,0,0,0,0,0,0,0.356,0.955,2.2,0.074,0.913,0.5,0,0,0,0.12,0.946,0.7,0,0,0,0.039,1.25,0.2
Timofey Mozgov,Cleveland Cavaliers,456,0,0,0,0.072,1.206,0.4,0,0,0,0.168,1.215,1,0.18,0.741,1.1,0.1,0.574,0.6,0,0,0,0.323,1.309,2,0,0,0,0.087,1.024,0.5,0.064,0.067,0.4
Tobias Harris,Orlando Magic,694.3,0.075,0.804,1,0.174,1.212,2.4,0.169,0.986,2.6,0.108,1.111,1.7,0.084,0.825,1.2,0.215,0.89,3,0.031,0.381,0.4,0.096,1.354,1.3,0.05,0.971,0.7,0.078,1.132,1.1,0.049,0.606,0.7
Toney Douglas,New Orleans Pelicans,542.9,0.069,0.737,0.6,0.173,1.208,1.6,0.372,0.791,3.4,0,0,0,0,0,0,0.195,1.176,1.8,0.074,0.951,0.7,0.031,1.294,0.3,0,0,0,0,0,0,0.06,0.636,0.5
Tony Allen,Memphis Grizzlies,582.4,0.047,0.929,0.4,0.236,1.077,2.2,0.052,0.968,0.5,0,0,0,0.025,0.6,0.2,0.233,0.75,2.2,0.03,0.5,0.3,0.173,0.962,1.6,0,0,0,0.11,0.803,1,0.073,0.75,0.7
Tony Parker,San Antonio Spurs,907.2,0.055,0.667,0.7,0.125,1.026,1.6,0.51,0.925,6.5,0,0,0,0,0,0,0.12,1.018,1.5,0.048,0.75,0.6,0.027,1.64,0.3,0.07,0.797,0.9,0,0,0,0.041,0.737,0.5
Tony Snell,Chicago Bulls,416,0.071,0.828,0.5,0.167,1.015,1.1,0.17,0.58,1.1,0,0,0,0,0,0,0.335,0.875,2.1,0.099,0.775,0.6,0.039,1,0.3,0.03,1.417,0.2,0.027,1.273,0.2,0.057,0.348,0.4
Tony Wroten,Philadelphia 76ers,97.6,0.125,0.5,1.8,0.25,0.714,3.5,0.33,0.405,4.6,0,0,0,0,0,0,0.161,0.667,2.3,0,0,0,0,0,0,0,0,0,0,0,0,0,0,0
Trevor Ariza,Houston Rockets,1044.9,0.038,0.75,0.5,0.24,1.312,3.1,0.071,0.635,0.9,0.013,0.857,0.2,0,0,0,0.403,0.893,5.2,0.039,1.073,0.5,0.035,1.278,0.4,0.084,1.023,1.1,0.031,0.813,0.4,0.043,0.533,0.6
Trevor Booker,Utah Jazz,513.5,0.019,0.2,0.1,0.129,1.09,0.8,0,0,0,0.161,0.976,1.1,0.033,0.765,0.2,0.169,0.716,1.1,0,0,0,0.182,1.147,1.2,0,0,0,0.194,0.95,1.3,0.102,0.415,0.7
Trey Burke,Utah Jazz,736,0.068,0.902,0.8,0.122,0.967,1.4,0.347,0.842,4,0,0,0,0,0,0,0.241,0.989,2.8,0.134,0.84,1.6,0,0,0,0.033,1.24,0.4,0,0,0,0.04,0.367,0.5
Trey Lyles,Utah Jazz,536,0.041,0.909,0.3,0.096,1.077,0.7,0,0,0,0.158,0.906,1.1,0.022,0.917,0.2,0.432,0.927,2.9,0,0,0,0.108,1.052,0.7,0.02,0.455,0.1,0.058,0.903,0.4,0.041,0.227,0.3
Tristan Thompson,Cleveland Cavaliers,582.2,0,0,0,0.073,1.419,0.5,0,0,0,0.21,1.29,1.5,0.058,0.824,0.4,0.025,1.067,0.2,0,0,0,0.283,1.12,2,0,0,0,0.235,1.043,1.7,0.112,0.667,0.8
Troy Daniels,Charlotte Hornets,206.4,0,0,0,0.098,1.429,0.5,0.084,0.278,0.4,0,0,0,0,0,0,0.372,1.475,1.9,0.102,1,0.5,0,0,0,0.242,0.962,1.2,0,0,0,0.051,0.455,0.3
Ty Lawson,Houston Rockets,392.2,0.079,0.625,0.6,0.212,0.977,1.6,0.328,0.654,2.5,0,0,0,0,0,0,0.251,0.922,1.9,0.037,0.733,0.3,0,0,0,0,0,0,0,0,0,0.064,0.154,0.5
Tyler Ennis,Milwaukee Bucks,239.2,0.069,0.882,0.4,0.15,0.865,0.8,0.401,0.788,2.2,0,0,0,0,0,0,0.198,0.98,1.1,0.049,0.75,0.3,0,0,0,0,0,0,0,0,0,0.073,0.5,0.4
Tyler Johnson,Miami Heat,313.2,0.05,1,0.4,0.114,0.778,1,0.278,0.932,2.4,0,0,0,0,0,0,0.268,1.035,2.4,0.095,1.233,0.8,0.038,1.833,0.3,0.044,1.5,0.4,0.035,1.091,0.3,0.079,0.32,0.7
Tyler Zeller,Boston Celtics,384,0,0,0,0.104,1.3,0.7,0,0,0,0.345,0.955,2.2,0.063,0.917,0.4,0.097,0.73,0.6,0,0,0,0.167,1.141,1.1,0.029,0.727,0.2,0.107,0.927,0.7,0.084,0.563,0.5
Tyreke Evans,New Orleans Pelicans,412.5,0.174,0.77,3,0.146,1.065,2.5,0.39,0.843,6.6,0,0,0,0,0,0,0.113,1.229,1.9,0.068,0.655,1.2,0,0,0,0,0,0,0.023,1,0.4,0.054,0.435,0.9
Tyson Chandler,Phoenix Suns,481.8,0,0,0,0.05,1.375,0.4,0,0,0,0.18,1.138,1.3,0.083,0.85,0.6,0.041,0.4,0.3,0,0,0,0.267,1.14,2,0,0,0,0.215,1.26,1.6,0.151,0.178,1.1
Tyus Jones,Minnesota Timberwolves,181.3,0.079,1.125,0.4,0.173,0.914,0.9,0.406,0.537,2.2,0,0,0,0,0,0,0.183,0.649,1,0,0,0,0,0,0,0,0,0,0,0,0,0.074,0.6,0.4
Victor Oladipo,Orlando Magic,1216.8,0.073,0.955,1.2,0.179,1.091,3,0.325,0.804,5.5,0,0,0,0,0,0,0.175,1.019,3,0.086,0.802,1.5,0.046,1.368,0.8,0.046,0.982,0.8,0.019,1,0.3,0.047,0.552,0.8
Vince Carter,Memphis Grizzlies,408,0.049,0.3,0.3,0.095,0.769,0.7,0.163,0.821,1.1,0,0,0,0.083,0.735,0.6,0.283,1.155,1.9,0.078,0.688,0.5,0.041,1.412,0.3,0.08,1.273,0.6,0.049,0.85,0.3,0.068,1,0.5
Wayne Ellington,Brooklyn Nets,615.6,0.024,0.867,0.2,0.16,1.059,1.3,0.178,0.75,1.5,0,0,0,0,0,0,0.319,1.06,2.6,0.071,0.689,0.6,0.041,1.385,0.3,0.148,0.806,1.2,0.016,1.1,0.1,0.04,0.2,0.3
Wesley Johnson,LA Clippers,576,0.019,0.909,0.1,0.207,1.165,1.5,0.021,0.75,0.2,0.058,0.912,0.4,0,0,0,0.415,0.951,3,0.085,0.72,0.6,0.055,1.531,0.4,0.06,0.657,0.4,0.022,0.692,0.2,0.053,0.226,0.4
Wesley Matthews,Dallas Mavericks,990.6,0.058,0.93,0.7,0.109,1.111,1.4,0.092,0.736,1.2,0.013,0.692,0.2,0.099,0.898,1.3,0.362,1.115,4.6,0.066,0.723,0.8,0.027,0.852,0.3,0.119,0.949,1.5,0.011,1.091,0.1,0.044,0.909,0.6
Will Barton,Denver Nuggets,1221.8,0.074,0.703,1.1,0.223,1.114,3.3,0.24,0.891,3.6,0,0,0,0.008,0.2,0.1,0.226,0.968,3.4,0.07,0.756,1,0.04,1.367,0.6,0.032,1,0.5,0.033,1.025,0.5,0.054,0.773,0.8
Willie Cauley-Stein,Sacramento Kings,448.8,0.029,1,0.2,0.182,1.272,1.2,0,0,0,0.142,1.143,1,0.056,0.52,0.4,0.045,0.6,0.3,0,0,0,0.286,1.197,1.9,0,0,0,0.189,0.952,1.3,0.068,0.533,0.5
Willie Reed,Brooklyn Nets,152.1,0,0,0,0,0,0,0,0,0,0.253,1.182,1.1,0.086,0.8,0.4,0,0,0,0,0,0,0.31,1.185,1.4,0,0,0,0.224,1.077,1,0,0,0
Xavier Munford,Memphis Grizzlies,75.6,0,0,0,0.175,0.647,1.2,0.392,0.763,2.7,0,0,0,0,0,0,0.216,1.143,1.5,0,0,0,0,0,0,0,0,0,0,0,0,0,0,0
Zach LaVine,Minnesota Timberwolves,1189,0.082,0.918,1.2,0.215,1.218,3.1,0.291,0.718,4.2,0,0,0,0,0,0,0.141,1.155,2,0.107,1.008,1.6,0.019,1.174,0.3,0.073,0.874,1.1,0.014,1.824,0.2,0.054,0.516,0.8
Zach Randolph,Memphis Grizzlies,1101.6,0.158,0.886,2.6,0.031,1.176,0.5,0,0,0,0.097,0.963,1.6,0.362,0.845,5.9,0.1,0.847,1.6,0,0,0,0.062,1.333,1,0.013,1.071,0.2,0.117,1.178,1.9,0.054,0.567,0.9
Zaza Pachulia,Dallas Mavericks,714.4,0.056,1.025,0.5,0.041,1.172,0.4,0,0,0,0.179,0.969,1.7,0.042,0.867,0.4,0.091,0.738,0.9,0,0,0,0.314,1.031,3,0,0,0,0.151,0.917,1.4,0.116,0.422,1.1
