PLAYER_NAME,total_poss,iso_freq,iso_ppp,iso_total_poss,tr_freq,tr_ppp,tr_total_poss,prb_freq,prb_ppp,prb_total_poss,prr_freq,prr_ppp,prr_total_poss,pu_freq,pu_ppp,pu_total_poss,su_freq,su_ppp,su_total_poss,ho_freq,ho_ppp,ho_total_poss,cut_freq,cut_ppp,cut_total_poss,os_freq,os_ppp,os_total_poss,putback_freq,putback_ppp,putback_total_poss,misc_freq,misc_ppp,misc_total_poss
Aaron Gordon,1073.0,0.09,0.823,1.7,0.201,0.963,3.7,0.094,0.72,1.7,0.053,1.25,1.0,0.09,0.906,1.7,0.213,0.991,3.9,0.047,0.8,0.9,0.058,1.387,1.1,0.067,0.944,1.2,0.05,1.226,0.9,0.038,0.537,0.7
Aaron Harrison,59.400000000000006,0.0,0.0,0.0,0.15,0.917,1.3,0.175,0.5,1.6,0.0,0.0,0.0,0.0,0.0,0.0,0.413,0.727,3.7,0.0,0.0,0.0,0.0,0.0,0.0,0.0,0.0,0.0,0.0,0.0,0.0,0.0,0.0,0.0
Abdel Nader,163.2,0.0,0.0,0.0,0.161,0.813,0.7,0.151,0.633,0.6,0.0,0.0,0.0,0.0,0.0,0.0,0.397,0.658,1.6,0.05,0.8,0.2,0.0,0.0,0.0,0.07,1.071,0.3,0.0,0.0,0.0,0.0,0.0,0.0
Al Horford,928.8,0.035,1.121,0.5,0.08,0.947,1.0,0.026,0.875,0.3,0.205,1.203,2.7,0.265,0.823,3.5,0.183,1.25,2.4,0.0,0.0,0.0,0.062,1.19,0.8,0.021,0.65,0.3,0.042,1.0,0.5,0.071,0.254,0.9
Al Jefferson,219.60000000000002,0.0,0.0,0.0,0.0,0.0,0.0,0.0,0.0,0.0,0.233,1.071,1.6,0.408,1.092,2.7,0.05,0.833,0.3,0.0,0.0,0.0,0.129,1.29,0.9,0.0,0.0,0.0,0.092,0.955,0.6,0.0,0.0,0.0
Al-Farouq Aminu,683.0999999999999,0.024,0.588,0.2,0.132,1.011,1.3,0.016,0.273,0.2,0.126,1.045,1.3,0.0,0.0,0.0,0.473,0.948,4.8,0.023,0.875,0.2,0.055,1.0,0.6,0.014,0.7,0.1,0.073,0.98,0.7,0.052,0.583,0.5
Alan Williams,11.0,0.0,0.0,0.0,0.0,0.0,0.0,0.0,0.0,0.0,0.379,0.455,2.2,0.0,0.0,0.0,0.0,0.0,0.0,0.0,0.0,0.0,0.0,0.0,0.0,0.0,0.0,0.0,0.0,0.0,0.0,0.0,0.0,0.0
Alec Burks,518.4000000000001,0.113,0.85,0.9,0.166,1.045,1.4,0.236,0.768,2.0,0.0,0.0,0.0,0.0,0.0,0.0,0.257,0.993,2.1,0.087,0.913,0.7,0.047,1.36,0.4,0.042,0.773,0.3,0.0,0.0,0.0,0.038,0.8,0.3
Alec Peters,56.0,0.0,0.0,0.0,0.171,0.929,0.7,0.0,0.0,0.0,0.0,0.0,0.0,0.0,0.0,0.0,0.39,1.031,1.6,0.0,0.0,0.0,0.0,0.0,0.0,0.122,1.3,0.5,0.0,0.0,0.0,0.0,0.0,0.0
Alex Abrines,315.0,0.03,0.3,0.1,0.159,1.396,0.7,0.066,0.591,0.3,0.0,0.0,0.0,0.0,0.0,0.0,0.491,1.085,2.2,0.033,1.0,0.1,0.0,0.0,0.0,0.09,1.0,0.4,0.036,0.917,0.2,0.048,0.688,0.2
Alex Caruso,148.0,0.0,0.0,0.0,0.195,0.97,0.9,0.302,0.784,1.4,0.0,0.0,0.0,0.0,0.0,0.0,0.166,0.786,0.8,0.0,0.0,0.0,0.083,1.429,0.4,0.0,0.0,0.0,0.0,0.0,0.0,0.101,0.471,0.5
Alex Len,552.0,0.018,1.0,0.1,0.057,1.281,0.5,0.0,0.0,0.0,0.211,1.22,1.7,0.129,0.903,1.0,0.039,0.545,0.3,0.0,0.0,0.0,0.213,1.37,1.7,0.0,0.0,0.0,0.22,1.073,1.8,0.109,0.311,0.9
Allen Crabbe,952.5,0.031,1.069,0.4,0.149,1.028,1.9,0.068,0.641,0.9,0.0,0.0,0.0,0.0,0.0,0.0,0.305,1.221,3.9,0.147,0.763,1.9,0.02,1.0,0.3,0.239,1.084,3.0,0.0,0.0,0.0,0.03,0.75,0.4
Amir Johnson,347.8,0.0,0.0,0.0,0.09,0.969,0.4,0.0,0.0,0.0,0.107,1.079,0.5,0.065,0.478,0.3,0.121,1.023,0.6,0.0,0.0,0.0,0.268,1.242,1.3,0.0,0.0,0.0,0.18,1.063,0.9,0.146,0.308,0.7
Andre Drummond,1255.8,0.083,0.731,1.3,0.088,1.153,1.4,0.0,0.0,0.0,0.111,1.043,1.8,0.131,0.83,2.1,0.03,0.605,0.5,0.0,0.0,0.0,0.16,1.249,2.6,0.0,0.0,0.0,0.267,1.09,4.3,0.13,0.227,2.1
Andre Iguodala,422.4,0.054,0.609,0.4,0.261,1.072,1.7,0.054,1.0,0.4,0.0,0.0,0.0,0.045,0.579,0.3,0.256,0.697,1.7,0.054,1.0,0.4,0.096,1.39,0.6,0.042,1.333,0.3,0.045,1.0,0.3,0.075,0.344,0.5
Andre Roberson,198.90000000000003,0.0,0.0,0.0,0.201,1.071,1.1,0.0,0.0,0.0,0.0,0.0,0.0,0.0,0.0,0.0,0.206,0.651,1.1,0.0,0.0,0.0,0.297,1.242,1.6,0.0,0.0,0.0,0.153,0.938,0.8,0.096,0.35,0.5
Andrew Harrison,565.6000000000001,0.103,0.767,1.1,0.138,1.175,1.4,0.426,0.927,4.4,0.0,0.0,0.0,0.0,0.0,0.0,0.193,0.92,2.0,0.043,1.12,0.4,0.017,1.3,0.2,0.0,0.0,0.0,0.0,0.0,0.0,0.059,0.265,0.6
Andrew White III,57.0,0.0,0.0,0.0,0.171,1.143,0.9,0.0,0.0,0.0,0.0,0.0,0.0,0.0,0.0,0.0,0.524,0.86,2.9,0.0,0.0,0.0,0.0,0.0,0.0,0.0,0.0,0.0,0.0,0.0,0.0,0.0,0.0,0.0
Andrew Wiggins,1566.2,0.087,0.667,1.7,0.129,1.044,2.5,0.235,0.801,4.5,0.015,0.958,0.3,0.099,0.949,1.9,0.208,0.9,4.0,0.08,0.803,1.5,0.06,1.521,1.1,0.019,0.867,0.4,0.032,1.333,0.6,0.034,0.736,0.6
Anthony Davis,1890.0,0.076,0.81,1.9,0.135,1.253,3.4,0.014,1.148,0.4,0.142,1.177,3.5,0.187,0.969,4.7,0.123,0.957,3.1,0.015,0.857,0.4,0.115,1.577,2.9,0.057,0.802,1.4,0.074,1.453,1.9,0.064,0.867,1.6
Anthony Tolliver,576.7,0.0,0.0,0.0,0.171,1.38,1.3,0.0,0.0,0.0,0.074,1.093,0.5,0.0,0.0,0.0,0.497,1.307,3.7,0.027,1.188,0.2,0.057,1.242,0.4,0.063,0.892,0.5,0.029,1.235,0.2,0.067,0.282,0.5
Antonio Blakeney,157.70000000000002,0.124,0.81,1.1,0.265,1.2,2.4,0.176,0.767,1.6,0.0,0.0,0.0,0.0,0.0,0.0,0.229,0.744,2.1,0.124,0.952,1.1,0.0,0.0,0.0,0.0,0.0,0.0,0.0,0.0,0.0,0.0,0.0,0.0
Aron Baynes,558.9,0.0,0.0,0.0,0.025,0.857,0.2,0.0,0.0,0.0,0.202,1.026,1.4,0.147,0.759,1.0,0.128,0.792,0.9,0.0,0.0,0.0,0.216,1.033,1.5,0.0,0.0,0.0,0.149,0.988,1.0,0.128,0.333,0.9
Arron Afflalo,174.89999999999998,0.0,0.0,0.0,0.144,1.214,0.5,0.056,0.0,0.2,0.0,0.0,0.0,0.128,0.72,0.5,0.405,0.987,1.5,0.051,0.4,0.2,0.0,0.0,0.0,0.103,1.1,0.4,0.0,0.0,0.0,0.0,0.0,0.0
Austin Rivers,976.0,0.218,1.06,3.5,0.083,0.976,1.3,0.395,0.838,6.4,0.0,0.0,0.0,0.0,0.0,0.0,0.158,0.987,2.5,0.06,0.763,1.0,0.029,1.379,0.5,0.022,0.864,0.4,0.0,0.0,0.0,0.024,0.542,0.4
Avery Bradley,700.0,0.029,0.65,0.5,0.154,1.065,2.7,0.078,0.667,1.4,0.0,0.0,0.0,0.0,0.0,0.0,0.163,1.159,2.8,0.321,0.704,5.6,0.072,1.06,1.3,0.115,0.775,2.0,0.022,0.867,0.4,0.047,0.636,0.8
Bam Adebayo,483.0,0.025,1.0,0.2,0.089,1.186,0.6,0.0,0.0,0.0,0.208,1.01,1.5,0.113,0.655,0.8,0.056,1.037,0.4,0.0,0.0,0.0,0.258,1.2,1.8,0.0,0.0,0.0,0.151,0.986,1.1,0.089,0.372,0.6
Ben McLemore,453.6,0.0,0.0,0.0,0.169,1.051,1.4,0.119,0.564,1.0,0.0,0.0,0.0,0.0,0.0,0.0,0.297,1.051,2.4,0.076,0.971,0.6,0.087,1.25,0.7,0.13,0.65,1.1,0.035,1.188,0.3,0.074,0.441,0.6
Ben Simmons,1425.6,0.09,0.876,1.6,0.193,1.007,3.4,0.299,0.81,5.3,0.0,0.0,0.0,0.092,0.687,1.6,0.048,0.652,0.9,0.021,0.8,0.4,0.09,1.484,1.6,0.008,0.667,0.1,0.05,1.208,0.9,0.103,0.571,1.8
Bismack Biyombo,508.40000000000003,0.0,0.0,0.0,0.051,1.269,0.3,0.0,0.0,0.0,0.24,0.877,1.5,0.045,0.522,0.3,0.026,0.615,0.2,0.0,0.0,0.0,0.337,1.175,2.1,0.0,0.0,0.0,0.167,0.965,1.0,0.128,0.354,0.8
Blake Griffin,779.8000000000001,0.111,0.953,2.6,0.104,1.185,2.5,0.112,0.724,2.6,0.134,1.25,3.2,0.227,0.869,5.3,0.137,0.962,3.2,0.014,0.818,0.3,0.049,1.211,1.2,0.032,1.059,0.7,0.039,1.133,0.9,0.057,0.409,1.3
Bobby Portis,978.2000000000002,0.044,0.907,0.6,0.097,1.263,1.3,0.0,0.0,0.0,0.194,1.053,2.6,0.141,0.935,1.9,0.231,0.996,3.1,0.011,1.0,0.2,0.07,1.029,0.9,0.027,1.115,0.4,0.128,0.96,1.7,0.054,0.34,0.7
Bogdan Bogdanovic,936.0,0.055,0.904,0.7,0.113,1.255,1.4,0.309,0.832,3.7,0.0,0.0,0.0,0.02,1.158,0.2,0.188,1.181,2.3,0.102,0.896,1.2,0.035,1.273,0.4,0.105,0.808,1.3,0.0,0.0,0.0,0.064,0.533,0.8
Bojan Bogdanovic,1048.0,0.039,0.561,0.5,0.259,1.275,3.4,0.069,0.917,0.9,0.016,1.118,0.2,0.026,0.852,0.3,0.223,1.065,2.9,0.063,1.046,0.8,0.042,1.182,0.6,0.212,1.05,2.8,0.013,1.214,0.2,0.037,0.921,0.5
Bradley Beal,1828.6000000000001,0.129,0.864,2.9,0.151,1.254,3.4,0.279,0.886,6.2,0.0,0.0,0.0,0.011,1.2,0.2,0.098,1.134,2.2,0.07,0.953,1.6,0.04,1.205,0.9,0.156,1.0,3.5,0.014,1.038,0.3,0.049,0.7,1.1
Brandan Wright,106.4,0.0,0.0,0.0,0.116,1.5,0.5,0.0,0.0,0.0,0.281,1.206,1.2,0.083,0.8,0.4,0.0,0.0,0.0,0.0,0.0,0.0,0.256,1.226,1.1,0.0,0.0,0.0,0.14,1.118,0.6,0.0,0.0,0.0
Brandon Ingram,1038.4,0.142,0.776,2.5,0.174,1.172,3.1,0.295,0.787,5.2,0.0,0.0,0.0,0.036,0.784,0.6,0.119,1.089,2.1,0.072,0.8,1.3,0.057,1.271,1.0,0.024,0.8,0.4,0.038,1.026,0.7,0.042,0.512,0.7
Brandon Jennings,77.0,0.0,0.0,0.0,0.213,0.75,1.4,0.372,0.886,2.5,0.0,0.0,0.0,0.0,0.0,0.0,0.245,0.826,1.6,0.0,0.0,0.0,0.0,0.0,0.0,0.0,0.0,0.0,0.0,0.0,0.0,0.0,0.0,0.0
Briante Weber,25.0,0.0,0.0,0.0,0.344,0.636,2.2,0.438,1.071,2.8,0.0,0.0,0.0,0.0,0.0,0.0,0.0,0.0,0.0,0.0,0.0,0.0,0.0,0.0,0.0,0.0,0.0,0.0,0.0,0.0,0.0,0.0,0.0,0.0
Brook Lopez,947.1999999999999,0.026,1.16,0.3,0.082,1.0,1.1,0.0,0.0,0.0,0.182,1.087,2.3,0.255,0.955,3.3,0.271,1.019,3.5,0.0,0.0,0.0,0.046,1.227,0.6,0.017,1.063,0.2,0.056,1.415,0.7,0.061,0.362,0.8
Bruno Caboclo,16.0,0.0,0.0,0.0,0.0,0.0,0.0,0.0,0.0,0.0,0.0,0.0,0.0,0.0,0.0,0.0,0.457,0.563,1.6,0.0,0.0,0.0,0.0,0.0,0.0,0.0,0.0,0.0,0.0,0.0,0.0,0.0,0.0,0.0
Bryn Forbes,545.1,0.0,0.0,0.0,0.166,1.14,1.2,0.173,0.876,1.2,0.0,0.0,0.0,0.0,0.0,0.0,0.428,1.025,3.0,0.112,0.857,0.8,0.0,0.0,0.0,0.078,1.136,0.6,0.0,0.0,0.0,0.018,0.1,0.1
Buddy Hield,1080.0,0.072,0.859,1.0,0.228,1.081,3.1,0.192,0.731,2.6,0.0,0.0,0.0,0.0,0.0,0.0,0.205,1.135,2.8,0.084,1.011,1.1,0.029,1.065,0.4,0.106,1.113,1.4,0.03,0.848,0.4,0.05,0.667,0.7
C.J. Williams,212.8,0.048,1.182,0.3,0.185,0.905,1.1,0.115,0.808,0.7,0.0,0.0,0.0,0.0,0.0,0.0,0.388,0.932,2.3,0.053,0.667,0.3,0.097,1.409,0.6,0.0,0.0,0.0,0.0,0.0,0.0,0.044,0.8,0.3
CJ McCollum,1749.6000000000001,0.13,1.0,2.8,0.139,0.906,3.0,0.331,0.919,7.2,0.0,0.0,0.0,0.0,0.0,0.0,0.131,1.333,2.9,0.081,0.768,1.8,0.016,1.357,0.3,0.117,0.985,2.5,0.018,1.063,0.4,0.032,0.667,0.7
CJ Miles,665.0,0.0,0.0,0.0,0.163,0.764,1.6,0.051,0.971,0.5,0.0,0.0,0.0,0.0,0.0,0.0,0.403,1.184,3.9,0.08,1.056,0.8,0.0,0.0,0.0,0.226,1.046,2.2,0.015,1.3,0.1,0.037,0.76,0.4
Cameron Payne,237.5,0.058,0.733,0.6,0.183,1.234,1.9,0.393,0.663,4.0,0.0,0.0,0.0,0.0,0.0,0.0,0.187,1.125,1.9,0.07,0.611,0.7,0.0,0.0,0.0,0.0,0.0,0.0,0.0,0.0,0.0,0.039,0.2,0.4
Caris LeVert,958.4999999999999,0.119,0.895,1.6,0.168,1.168,2.3,0.342,0.717,4.6,0.0,0.0,0.0,0.0,0.0,0.0,0.206,1.0,2.8,0.043,0.732,0.6,0.024,0.783,0.3,0.032,0.806,0.4,0.028,1.407,0.4,0.039,0.595,0.5
Carmelo Anthony,1333.8,0.181,0.89,3.1,0.129,1.046,2.2,0.109,0.864,1.9,0.069,0.839,1.2,0.144,0.841,2.5,0.239,1.019,4.1,0.0,0.0,0.0,0.013,1.556,0.2,0.026,1.257,0.4,0.038,0.961,0.7,0.046,0.452,0.8
Chandler Parsons,230.40000000000003,0.0,0.0,0.0,0.147,0.976,1.1,0.283,1.038,2.2,0.0,0.0,0.0,0.0,0.0,0.0,0.326,1.044,2.5,0.0,0.0,0.0,0.0,0.0,0.0,0.043,1.167,0.3,0.0,0.0,0.0,0.036,0.3,0.3
Channing Frye,180.39999999999998,0.0,0.0,0.0,0.104,0.35,0.5,0.0,0.0,0.0,0.161,1.387,0.7,0.063,1.5,0.3,0.422,1.086,1.8,0.0,0.0,0.0,0.063,1.417,0.3,0.068,1.231,0.3,0.0,0.0,0.0,0.052,0.2,0.2
Cheick Diallo,223.60000000000002,0.0,0.0,0.0,0.104,1.417,0.5,0.0,0.0,0.0,0.273,1.254,1.2,0.052,0.833,0.2,0.117,0.852,0.5,0.0,0.0,0.0,0.225,1.327,1.0,0.0,0.0,0.0,0.117,0.963,0.5,0.087,0.35,0.4
Chris Paul,991.8000000000001,0.293,1.101,5.1,0.126,1.086,2.2,0.364,1.022,6.4,0.0,0.0,0.0,0.033,1.059,0.6,0.058,1.271,1.0,0.022,1.091,0.4,0.0,0.0,0.0,0.014,0.786,0.2,0.0,0.0,0.0,0.071,0.708,1.2
Clint Capela,880.5999999999999,0.022,0.5,0.3,0.121,1.343,1.5,0.0,0.0,0.0,0.321,1.336,3.9,0.036,0.625,0.4,0.011,1.0,0.1,0.0,0.0,0.0,0.269,1.25,3.2,0.0,0.0,0.0,0.139,1.113,1.7,0.067,0.2,0.8
Cody Zeller,217.79999999999998,0.0,0.0,0.0,0.067,1.6,0.5,0.0,0.0,0.0,0.244,0.891,1.7,0.0,0.0,0.0,0.098,0.955,0.7,0.0,0.0,0.0,0.187,1.286,1.3,0.076,1.059,0.5,0.151,1.0,1.0,0.133,0.7,0.9
Corey Brewer,207.0,0.0,0.0,0.0,0.335,1.138,3.2,0.089,0.667,0.4,0.0,0.0,0.0,0.0,0.0,0.0,0.382,1.227,3.7,0.0,0.0,0.0,0.145,1.382,0.6,0.0,0.0,0.0,0.06,0.643,0.3,0.075,0.692,0.7
Cory Joseph,721.6,0.063,0.587,0.6,0.148,0.908,1.3,0.347,0.82,3.1,0.0,0.0,0.0,0.0,0.0,0.0,0.248,1.071,2.2,0.076,0.964,0.7,0.016,0.75,0.1,0.022,0.875,0.2,0.014,1.2,0.1,0.061,0.533,0.5
Courtney Lee,881.6,0.082,0.836,1.0,0.184,1.227,2.1,0.252,0.874,2.9,0.0,0.0,0.0,0.0,0.0,0.0,0.234,1.068,2.7,0.067,0.932,0.8,0.027,1.417,0.3,0.103,0.945,1.2,0.015,1.077,0.2,0.033,0.828,0.4
Cristiano Felicio,302.5,0.036,0.727,0.2,0.101,1.29,0.6,0.0,0.0,0.0,0.277,1.306,1.5,0.114,0.771,0.6,0.081,0.52,0.5,0.0,0.0,0.0,0.147,1.356,0.8,0.0,0.0,0.0,0.124,0.842,0.7,0.107,0.273,0.6
D'Angelo Russell,873.5999999999999,0.123,0.86,2.2,0.13,0.717,2.4,0.435,0.828,7.9,0.0,0.0,0.0,0.015,0.923,0.3,0.124,1.102,2.3,0.039,0.794,0.7,0.015,1.538,0.3,0.059,0.804,1.1,0.013,1.091,0.2,0.044,0.447,0.8
D.J. Augustin,720.0,0.051,0.974,0.5,0.166,0.886,1.6,0.378,1.004,3.7,0.0,0.0,0.0,0.0,0.0,0.0,0.196,1.372,1.9,0.065,0.875,0.6,0.023,1.294,0.2,0.051,1.132,0.5,0.0,0.0,0.0,0.058,0.488,0.6
Damian Lillard,1832.3000000000004,0.158,1.062,4.0,0.106,1.118,2.7,0.474,1.046,11.9,0.0,0.0,0.0,0.0,0.0,0.0,0.061,0.955,1.5,0.07,1.164,1.8,0.02,1.324,0.5,0.052,1.053,1.3,0.015,1.0,0.4,0.04,0.644,1.0
Damion Lee,156.0,0.0,0.0,0.0,0.213,1.158,2.5,0.146,0.615,1.7,0.0,0.0,0.0,0.0,0.0,0.0,0.287,0.804,3.4,0.084,1.0,1.0,0.0,0.0,0.0,0.09,1.063,1.1,0.0,0.0,0.0,0.062,0.364,0.7
Damyean Dotson,154.0,0.0,0.0,0.0,0.2,1.027,0.8,0.124,0.435,0.5,0.0,0.0,0.0,0.0,0.0,0.0,0.308,1.053,1.3,0.0,0.0,0.0,0.081,1.2,0.3,0.141,0.885,0.6,0.0,0.0,0.0,0.0,0.0,0.0
Daniel Theis,315.00000000000006,0.0,0.0,0.0,0.056,1.167,0.3,0.0,0.0,0.0,0.282,1.011,1.4,0.05,1.0,0.3,0.161,1.019,0.8,0.0,0.0,0.0,0.155,1.54,0.8,0.0,0.0,0.0,0.161,1.096,0.8,0.124,0.3,0.6
Danilo Gallinari,310.79999999999995,0.16,0.863,2.4,0.154,0.98,2.3,0.047,1.333,0.7,0.066,0.857,1.0,0.1,0.906,1.5,0.257,1.256,3.9,0.044,0.286,0.7,0.047,1.333,0.7,0.053,0.882,0.8,0.0,0.0,0.0,0.05,0.813,0.8
Danny Green,665.0,0.02,0.846,0.2,0.169,0.991,1.6,0.109,0.569,1.0,0.0,0.0,0.0,0.0,0.0,0.0,0.461,0.987,4.4,0.065,1.116,0.6,0.032,1.143,0.3,0.056,0.838,0.5,0.029,0.737,0.3,0.059,0.333,0.6
Dante Cunningham,284.5,0.0,0.0,0.0,0.147,1.079,0.7,0.0,0.0,0.0,0.253,0.732,1.9,0.0,0.0,0.0,0.45,0.974,2.3,0.0,0.0,0.0,0.244,1.222,1.2,0.0,0.0,0.0,0.086,1.214,0.6,0.05,0.077,0.3
Dante Exum,102.19999999999999,0.09,0.909,0.8,0.205,1.08,1.8,0.32,0.923,2.8,0.0,0.0,0.0,0.0,0.0,0.0,0.213,0.923,1.9,0.0,0.0,0.0,0.0,0.0,0.0,0.0,0.0,0.0,0.0,0.0,0.0,0.0,0.0,0.0
Danuel House Jr.,115.0,0.0,0.0,0.0,0.258,1.359,1.7,0.106,0.813,0.7,0.0,0.0,0.0,0.0,0.0,0.0,0.298,0.756,2.0,0.0,0.0,0.0,0.0,0.0,0.0,0.086,0.846,0.6,0.0,0.0,0.0,0.0,0.0,0.0
Dario Saric,1146.6,0.032,1.0,0.5,0.173,0.954,2.5,0.027,0.867,0.4,0.045,0.902,0.7,0.08,0.867,1.2,0.316,1.107,4.6,0.032,0.833,0.5,0.111,1.184,1.6,0.074,1.072,1.1,0.065,1.0,0.9,0.045,0.588,0.7
Darius Miller,557.6,0.034,0.842,0.2,0.157,1.213,1.1,0.074,0.881,0.5,0.0,0.0,0.0,0.0,0.0,0.0,0.416,1.22,2.9,0.076,1.395,0.5,0.0,0.0,0.0,0.189,1.0,1.3,0.0,0.0,0.0,0.039,0.455,0.3
Darren Collison,772.7999999999998,0.07,0.982,0.8,0.249,1.169,2.8,0.315,0.951,3.6,0.0,0.0,0.0,0.0,0.0,0.0,0.202,1.222,2.3,0.056,1.091,0.6,0.022,1.529,0.2,0.02,0.625,0.2,0.018,0.857,0.2,0.045,1.0,0.5
David Nwaba,588.0,0.061,0.611,0.5,0.297,1.029,2.5,0.061,0.444,0.5,0.0,0.0,0.0,0.036,0.905,0.3,0.193,0.904,1.6,0.058,0.559,0.5,0.131,1.351,1.1,0.029,0.882,0.2,0.078,1.043,0.7,0.056,0.879,0.5
David West,481.8,0.0,0.0,0.0,0.085,1.19,0.6,0.0,0.0,0.0,0.14,1.101,0.9,0.183,0.856,1.2,0.157,0.857,1.1,0.0,0.0,0.0,0.159,1.449,1.1,0.073,1.083,0.5,0.085,1.238,0.6,0.093,0.283,0.6
Davis Bertans,400.4,0.0,0.0,0.0,0.146,1.426,0.8,0.026,0.273,0.1,0.095,1.275,0.5,0.0,0.0,0.0,0.513,1.047,2.8,0.038,0.875,0.2,0.053,1.318,0.3,0.033,1.571,0.2,0.0,0.0,0.0,0.062,0.385,0.3
Davon Reed,79.8,0.0,0.0,0.0,0.183,0.588,0.8,0.161,0.4,0.7,0.0,0.0,0.0,0.0,0.0,0.0,0.312,0.966,1.4,0.0,0.0,0.0,0.0,0.0,0.0,0.204,0.895,0.9,0.0,0.0,0.0,0.0,0.0,0.0
De'Aaron Fox,1065.8,0.054,0.93,0.8,0.228,0.979,3.3,0.427,0.699,6.2,0.0,0.0,0.0,0.0,0.0,0.0,0.14,0.796,2.0,0.047,0.714,0.7,0.025,1.154,0.4,0.019,0.75,0.3,0.012,1.231,0.2,0.048,0.52,0.7
DeAndre Jordan,839.3000000000001,0.0,0.0,0.0,0.09,1.355,1.0,0.0,0.0,0.0,0.182,1.253,2.0,0.093,0.646,1.0,0.0,0.0,0.0,0.0,0.0,0.0,0.195,1.412,2.1,0.0,0.0,0.0,0.282,1.105,3.1,0.152,0.574,1.7
DeAndre Liggins,58.9,0.0,0.0,0.0,0.188,0.4,0.5,0.0,0.0,0.0,0.0,0.0,0.0,0.0,0.0,0.0,0.55,0.977,1.4,0.0,0.0,0.0,0.0,0.0,0.0,0.0,0.0,0.0,0.0,0.0,0.0,0.0,0.0,0.0
DeAndre' Bembry,171.6,0.0,0.0,0.0,0.215,0.854,1.6,0.272,0.481,2.0,0.0,0.0,0.0,0.0,0.0,0.0,0.267,0.902,2.0,0.052,0.8,0.4,0.0,0.0,0.0,0.0,0.0,0.0,0.0,0.0,0.0,0.079,0.533,0.6
DeMar DeRozan,1808.0,0.133,1.029,3.0,0.097,1.256,2.2,0.41,0.917,9.3,0.0,0.0,0.0,0.07,0.828,1.6,0.095,1.0,2.1,0.039,0.958,0.9,0.022,1.2,0.5,0.08,1.055,1.8,0.013,1.375,0.3,0.04,0.836,0.9
DeMarcus Cousins,1276.8,0.127,0.784,3.4,0.134,0.994,3.6,0.055,0.786,1.5,0.084,1.093,2.2,0.166,0.882,4.4,0.2,1.012,5.3,0.015,0.842,0.4,0.042,1.226,1.1,0.035,0.8,0.9,0.063,1.438,1.7,0.08,0.51,2.1
DeMarre Carroll,985.5,0.059,0.729,0.8,0.241,0.987,3.3,0.077,0.921,1.0,0.019,1.368,0.3,0.0,0.0,0.0,0.386,1.018,5.2,0.05,0.96,0.7,0.029,1.31,0.4,0.047,0.936,0.6,0.051,1.098,0.7,0.037,0.838,0.5
Dejounte Murray,801.9000000000001,0.076,0.656,0.8,0.209,0.952,2.1,0.335,0.699,3.3,0.0,0.0,0.0,0.0,0.0,0.0,0.129,0.702,1.3,0.022,0.944,0.2,0.087,1.186,0.9,0.0,0.0,0.0,0.072,1.0,0.7,0.056,0.556,0.6
Delon Wright,558.9000000000001,0.057,0.969,0.5,0.195,1.257,1.6,0.35,0.903,2.8,0.0,0.0,0.0,0.0,0.0,0.0,0.234,0.962,1.9,0.038,0.571,0.3,0.021,1.583,0.2,0.0,0.0,0.0,0.048,1.148,0.4,0.048,0.704,0.4
Dennis Schroder,1420.3999999999999,0.151,1.088,3.2,0.073,0.905,1.6,0.49,0.876,10.5,0.0,0.0,0.0,0.0,0.0,0.0,0.085,0.77,1.8,0.073,0.952,1.6,0.0,0.0,0.0,0.076,0.89,1.6,0.0,0.0,0.0,0.041,0.621,0.9
Dennis Smith Jr.,1290.3,0.187,0.803,3.5,0.167,1.041,3.1,0.321,0.708,6.1,0.0,0.0,0.0,0.013,0.706,0.2,0.106,0.855,2.0,0.063,0.793,1.2,0.018,1.391,0.3,0.047,0.918,0.9,0.016,1.0,0.3,0.061,0.266,1.1
Denzel Valentine,839.3000000000001,0.036,0.833,0.4,0.186,1.09,2.0,0.273,0.878,3.0,0.0,0.0,0.0,0.0,0.0,0.0,0.255,0.991,2.8,0.119,0.79,1.3,0.029,1.083,0.3,0.055,0.717,0.6,0.013,0.364,0.1,0.032,0.926,0.4
Derrick Favors,870.1,0.0,0.0,0.0,0.074,1.508,0.8,0.0,0.0,0.0,0.273,1.1,3.1,0.075,0.758,0.9,0.136,0.7,1.6,0.0,0.0,0.0,0.253,1.29,2.9,0.012,0.364,0.1,0.121,1.29,1.4,0.048,0.381,0.5
Derrick Jones Jr.,35.0,0.0,0.0,0.0,0.0,0.0,0.0,0.0,0.0,0.0,0.0,0.0,0.0,0.0,0.0,0.0,0.333,0.619,1.5,0.0,0.0,0.0,0.0,0.0,0.0,0.0,0.0,0.0,0.222,1.286,1.0,0.0,0.0,0.0
Derrick Rose,161.6,0.061,0.636,0.7,0.233,1.0,2.6,0.383,0.899,4.3,0.0,0.0,0.0,0.0,0.0,0.0,0.15,0.63,1.7,0.0,0.0,0.0,0.067,1.5,0.8,0.0,0.0,0.0,0.0,0.0,0.0,0.0,0.0,0.0
Devin Booker,1377.0,0.117,0.826,3.0,0.198,1.063,5.0,0.282,0.848,7.2,0.0,0.0,0.0,0.055,0.987,1.4,0.077,1.132,2.0,0.059,0.778,1.5,0.027,1.378,0.7,0.124,1.076,3.2,0.01,1.429,0.3,0.047,0.828,1.2
Devin Harris,377.0,0.032,1.0,0.3,0.15,1.193,1.3,0.227,0.721,2.0,0.0,0.0,0.0,0.0,0.0,0.0,0.261,1.091,2.3,0.073,1.313,0.6,0.092,1.514,0.8,0.079,1.133,0.7,0.0,0.0,0.0,0.092,0.343,0.8
Dewayne Dedmon,582.8,0.0,0.0,0.0,0.076,1.267,0.7,0.0,0.0,0.0,0.261,1.052,2.5,0.02,0.667,0.2,0.256,0.987,2.4,0.0,0.0,0.0,0.156,1.359,1.5,0.017,1.3,0.2,0.09,1.264,0.9,0.1,0.39,1.0
Deyonta Davis,316.20000000000005,0.0,0.0,0.0,0.084,1.185,0.4,0.0,0.0,0.0,0.404,1.177,2.1,0.031,0.9,0.2,0.062,0.9,0.3,0.0,0.0,0.0,0.174,1.196,0.9,0.0,0.0,0.0,0.168,1.241,0.9,0.062,0.35,0.3
Dillon Brooks,959.4000000000002,0.06,0.845,0.7,0.172,1.09,2.0,0.234,0.687,2.8,0.0,0.0,0.0,0.01,0.6,0.1,0.258,1.092,3.0,0.068,0.833,0.8,0.054,1.346,0.6,0.054,1.019,0.6,0.022,1.048,0.3,0.065,0.381,0.8
Dion Waiters,507.0,0.173,0.798,3.0,0.125,0.891,2.1,0.324,0.88,5.5,0.0,0.0,0.0,0.0,0.0,0.0,0.205,0.829,3.5,0.074,0.947,1.3,0.0,0.0,0.0,0.064,0.758,1.1,0.0,0.0,0.0,0.025,0.385,0.4
Dirk Nowitzki,846.9999999999999,0.032,0.815,0.4,0.074,1.0,0.8,0.0,0.0,0.0,0.245,1.063,2.7,0.191,0.975,2.1,0.319,1.21,3.5,0.014,1.5,0.2,0.035,1.267,0.4,0.02,0.824,0.2,0.019,1.563,0.2,0.049,0.619,0.5
Domantas Sabonis,888.0,0.0,0.0,0.0,0.06,1.389,0.7,0.0,0.0,0.0,0.421,0.989,5.1,0.132,0.814,1.6,0.085,0.921,1.0,0.0,0.0,0.0,0.133,1.118,1.6,0.0,0.0,0.0,0.097,0.977,1.2,0.068,0.426,0.8
Donovan Mitchell,1698.5000000000002,0.076,0.853,1.6,0.135,1.035,2.9,0.388,0.811,8.4,0.0,0.0,0.0,0.0,0.0,0.0,0.145,1.271,3.1,0.101,0.86,2.2,0.028,1.277,0.6,0.072,0.984,1.6,0.015,1.24,0.3,0.038,0.594,0.8
Dorian Finney-Smith,128.1,0.0,0.0,0.0,0.149,0.864,1.0,0.122,0.222,0.9,0.0,0.0,0.0,0.0,0.0,0.0,0.331,0.837,2.3,0.0,0.0,0.0,0.081,1.333,0.6,0.095,1.143,0.7,0.081,1.333,0.6,0.0,0.0,0.0
Doug McDermott,380.8,0.0,0.0,0.0,0.123,1.085,0.9,0.039,0.533,0.3,0.0,0.0,0.0,0.0,0.0,0.0,0.29,1.117,2.0,0.031,1.25,0.2,0.198,1.355,1.4,0.344,1.164,2.8,0.052,1.2,0.4,0.06,0.304,0.4
Dragan Bender,615.0000000000001,0.024,0.933,0.2,0.137,0.631,1.0,0.021,0.538,0.2,0.115,1.225,0.9,0.052,0.375,0.4,0.437,0.97,3.3,0.0,0.0,0.0,0.046,1.071,0.3,0.042,1.0,0.3,0.036,1.136,0.3,0.075,0.239,0.6
Draymond Green,882.0,0.045,0.875,0.6,0.198,0.876,2.5,0.038,0.794,0.5,0.08,0.819,1.0,0.072,0.754,0.9,0.243,0.867,3.1,0.0,0.0,0.0,0.13,1.444,1.7,0.019,0.941,0.2,0.047,0.762,0.6,0.12,0.287,1.5
Dwayne Bacon,222.60000000000002,0.058,0.923,0.2,0.156,1.0,0.7,0.258,0.603,1.1,0.0,0.0,0.0,0.0,0.0,0.0,0.342,0.844,1.5,0.062,0.929,0.3,0.0,0.0,0.0,0.089,0.65,0.4,0.0,0.0,0.0,0.0,0.0,0.0
Dwight Buycks,252.29999999999995,0.125,1.063,1.1,0.113,1.138,1.0,0.482,0.774,4.3,0.0,0.0,0.0,0.0,0.0,0.0,0.105,0.963,0.9,0.039,0.6,0.3,0.047,1.333,0.4,0.0,0.0,0.0,0.0,0.0,0.0,0.078,0.2,0.7
Dwight Howard,1368.8999999999999,0.04,0.909,0.7,0.047,1.391,0.8,0.0,0.0,0.0,0.125,1.041,2.1,0.363,0.828,6.2,0.06,0.671,1.0,0.0,0.0,0.0,0.122,1.329,2.1,0.008,0.273,0.1,0.144,1.268,2.4,0.09,0.659,1.5
Dwight Powell,568.8000000000001,0.019,0.182,0.1,0.068,1.154,0.5,0.0,0.0,0.0,0.266,1.414,1.9,0.039,0.955,0.3,0.149,1.024,1.1,0.0,0.0,0.0,0.268,1.327,1.9,0.021,0.333,0.2,0.084,1.354,0.6,0.082,0.638,0.6
Dwyane Wade,575.0,0.115,0.731,1.5,0.166,0.928,2.1,0.279,0.804,3.5,0.0,0.0,0.0,0.123,0.778,1.6,0.08,1.043,1.0,0.021,1.0,0.3,0.096,1.357,1.2,0.0,0.0,0.0,0.034,1.1,0.4,0.068,0.4,0.9
E'Twaun Moore,959.4000000000001,0.032,0.935,0.4,0.274,1.129,3.2,0.076,0.603,0.9,0.01,1.6,0.1,0.011,1.182,0.1,0.296,1.077,3.5,0.053,1.078,0.6,0.06,1.448,0.7,0.112,1.074,1.3,0.034,1.061,0.4,0.041,0.55,0.5
Ed Davis,397.8,0.0,0.0,0.0,0.035,1.286,0.2,0.0,0.0,0.0,0.206,1.072,1.1,0.055,0.636,0.3,0.025,0.6,0.1,0.0,0.0,0.0,0.269,1.194,1.4,0.0,0.0,0.0,0.279,1.25,1.4,0.119,0.333,0.6
Ekpe Udoh,151.20000000000002,0.0,0.0,0.0,0.116,1.263,0.3,0.0,0.0,0.0,0.28,0.783,0.7,0.0,0.0,0.0,0.0,0.0,0.0,0.0,0.0,0.0,0.25,1.049,0.7,0.0,0.0,0.0,0.171,1.286,0.4,0.128,0.667,0.3
Elfrid Payton,616.0,0.05,1.194,0.7,0.287,1.061,4.1,0.345,0.823,4.9,0.0,0.0,0.0,0.0,0.0,0.0,0.136,1.012,1.9,0.027,0.529,0.4,0.043,1.111,0.6,0.0,0.0,0.0,0.034,0.762,0.5,0.061,0.368,0.9
Emeka Okafor,104.0,0.0,0.0,0.0,0.119,0.929,0.5,0.0,0.0,0.0,0.136,1.188,0.6,0.119,0.571,0.5,0.0,0.0,0.0,0.0,0.0,0.0,0.347,1.122,1.6,0.0,0.0,0.0,0.169,1.05,0.8,0.0,0.0,0.0
Emmanuel Mudiay,412.2,0.056,0.917,0.6,0.167,0.944,1.7,0.35,0.758,3.5,0.0,0.0,0.0,0.0,0.0,0.0,0.235,0.9,2.4,0.042,0.833,0.4,0.049,1.769,0.6,0.035,1.267,0.4,0.0,0.0,0.0,0.049,0.095,0.5
Enes Kanter,908.8000000000001,0.015,0.714,0.2,0.068,1.419,0.9,0.0,0.0,0.0,0.186,1.047,2.4,0.239,0.963,3.1,0.021,0.842,0.3,0.0,0.0,0.0,0.147,1.252,1.9,0.0,0.0,0.0,0.243,1.265,3.1,0.073,0.597,0.9
Eric Bledsoe,1285.1000000000001,0.073,1.063,1.3,0.223,1.104,4.1,0.337,0.799,6.2,0.0,0.0,0.0,0.01,1.308,0.2,0.191,1.085,3.5,0.029,1.316,0.5,0.023,1.433,0.4,0.016,0.857,0.3,0.022,1.0,0.4,0.068,0.67,1.2
Eric Gordon,1193.7,0.097,0.991,1.7,0.167,1.241,2.9,0.205,0.902,3.5,0.009,1.273,0.2,0.0,0.0,0.0,0.27,1.121,4.7,0.065,0.872,1.1,0.017,1.3,0.3,0.112,1.008,1.9,0.012,1.0,0.2,0.044,0.654,0.8
Eric Moreland,154.1,0.0,0.0,0.0,0.109,1.316,0.3,0.0,0.0,0.0,0.172,0.967,0.4,0.0,0.0,0.0,0.0,0.0,0.0,0.0,0.0,0.0,0.293,0.902,0.8,0.0,0.0,0.0,0.161,0.964,0.4,0.155,0.185,0.4
Ersan Ilyasova,473.8,0.0,0.0,0.0,0.087,1.071,0.9,0.0,0.0,0.0,0.218,1.181,2.3,0.06,0.793,0.6,0.232,0.929,2.4,0.033,0.563,0.3,0.102,1.347,1.1,0.089,1.0,0.9,0.112,1.056,1.2,0.056,0.704,0.6
Evan Fournier,957.6,0.039,1.0,0.7,0.147,1.07,2.5,0.178,0.931,3.0,0.0,0.0,0.0,0.0,0.0,0.0,0.195,1.27,3.3,0.125,0.884,2.1,0.049,1.563,0.8,0.201,0.892,3.4,0.014,0.857,0.2,0.044,0.791,0.8
Evan Turner,718.9000000000001,0.096,0.812,0.9,0.148,0.897,1.4,0.201,0.841,1.8,0.0,0.0,0.0,0.158,0.965,1.4,0.213,0.961,1.9,0.039,0.893,0.4,0.03,1.227,0.3,0.035,0.88,0.3,0.024,1.353,0.2,0.051,0.432,0.5
Frank Kaminsky,845.3,0.063,0.722,0.7,0.095,1.256,1.0,0.013,1.0,0.1,0.194,1.06,2.1,0.101,0.897,1.1,0.341,0.942,3.7,0.013,0.909,0.1,0.037,1.219,0.4,0.078,1.149,0.8,0.02,1.824,0.2,0.046,0.575,0.5
Frank Mason,478.4,0.1,0.816,0.9,0.207,0.922,2.0,0.396,0.8,3.8,0.0,0.0,0.0,0.0,0.0,0.0,0.128,0.762,1.2,0.067,1.03,0.6,0.0,0.0,0.0,0.0,0.0,0.0,0.026,1.077,0.3,0.043,0.286,0.4
Frank Ntilikina,631.8,0.05,0.515,0.4,0.136,0.697,1.1,0.395,0.672,3.3,0.0,0.0,0.0,0.0,0.0,0.0,0.195,1.016,1.6,0.066,0.674,0.6,0.0,0.0,0.0,0.04,0.462,0.3,0.015,1.0,0.1,0.082,0.259,0.7
Fred VanVleet,646.0,0.083,0.782,0.7,0.186,1.187,1.6,0.328,0.839,2.9,0.0,0.0,0.0,0.0,0.0,0.0,0.248,1.146,2.2,0.056,0.892,0.5,0.0,0.0,0.0,0.036,0.875,0.3,0.0,0.0,0.0,0.039,0.846,0.3
Garrett Temple,572.0,0.06,1.086,0.5,0.158,0.989,1.4,0.192,0.735,1.7,0.0,0.0,0.0,0.0,0.0,0.0,0.276,1.179,2.5,0.07,0.927,0.6,0.056,0.909,0.5,0.099,0.81,0.9,0.026,0.933,0.2,0.053,0.323,0.5
Gary Harris,1092.1000000000001,0.034,0.784,0.6,0.19,1.271,3.1,0.141,0.896,2.3,0.0,0.0,0.0,0.0,0.0,0.0,0.231,1.123,3.8,0.225,0.976,3.7,0.059,1.422,1.0,0.071,1.0,1.1,0.011,1.583,0.2,0.033,0.667,0.5
Gary Payton II,25.3,0.0,0.0,0.0,0.229,0.727,1.0,0.292,0.571,1.3,0.0,0.0,0.0,0.0,0.0,0.0,0.0,0.0,0.0,0.0,0.0,0.0,0.0,0.0,0.0,0.0,0.0,0.0,0.0,0.0,0.0,0.0,0.0,0.0
George Hill,417.09999999999997,0.07,1.0,0.7,0.128,1.255,1.3,0.34,0.849,3.4,0.0,0.0,0.0,0.0,0.0,0.0,0.152,1.369,1.5,0.084,1.333,0.8,0.035,1.2,0.3,0.079,0.765,0.8,0.023,1.2,0.2,0.068,0.655,0.7
Gerald Green,446.9,0.052,0.875,0.6,0.189,1.182,2.1,0.123,1.228,1.4,0.0,0.0,0.0,0.0,0.0,0.0,0.331,1.143,3.8,0.071,0.848,0.8,0.022,1.0,0.2,0.14,0.815,1.6,0.0,0.0,0.0,0.037,0.824,0.4
Giannis Antetokounmpo,1905.0,0.139,0.842,3.5,0.222,1.202,5.6,0.113,0.921,2.9,0.058,1.145,1.5,0.124,0.881,3.1,0.126,0.921,3.2,0.019,1.162,0.5,0.081,1.338,2.1,0.012,1.435,0.3,0.06,1.456,1.5,0.046,0.782,1.2
Glenn Robinson III,85.10000000000001,0.0,0.0,0.0,0.158,0.8,0.7,0.105,0.2,0.4,0.0,0.0,0.0,0.0,0.0,0.0,0.379,1.361,1.6,0.0,0.0,0.0,0.137,1.077,0.6,0.105,0.6,0.4,0.0,0.0,0.0,0.0,0.0,0.0
Goran Dragic,1357.5,0.054,0.932,1.0,0.158,1.168,2.9,0.397,0.853,7.2,0.0,0.0,0.0,0.01,0.929,0.2,0.139,1.117,2.5,0.118,0.849,2.1,0.032,1.047,0.6,0.027,0.889,0.5,0.021,0.679,0.4,0.038,0.904,0.7
Gorgui Dieng,489.8,0.0,0.0,0.0,0.077,1.211,0.5,0.0,0.0,0.0,0.24,0.899,1.5,0.063,0.742,0.4,0.313,0.961,2.0,0.0,0.0,0.0,0.113,1.214,0.7,0.0,0.0,0.0,0.091,1.022,0.6,0.083,0.439,0.5
Greg Monroe,281.4,0.075,1.048,0.8,0.074,1.063,0.8,0.0,0.0,0.0,0.177,1.184,1.9,0.333,0.796,3.6,0.05,1.214,0.5,0.0,0.0,0.0,0.163,1.314,1.8,0.0,0.0,0.0,0.172,1.405,1.9,0.093,0.5,1.0
Harrison Barnes,1455.3,0.219,0.959,4.1,0.069,1.03,1.3,0.1,0.952,1.9,0.049,0.958,0.9,0.168,0.939,3.2,0.181,1.004,3.4,0.017,1.04,0.3,0.037,1.481,0.7,0.104,0.921,2.0,0.027,1.225,0.5,0.03,0.674,0.6
Hassan Whiteside,734.4,0.034,0.64,0.5,0.043,1.125,0.6,0.0,0.0,0.0,0.218,1.068,3.0,0.21,0.929,2.9,0.051,0.737,0.7,0.0,0.0,0.0,0.16,1.286,2.2,0.0,0.0,0.0,0.189,1.207,2.6,0.082,0.475,1.1
Ian Clark,555.0,0.023,0.462,0.2,0.199,0.947,1.5,0.227,0.954,1.8,0.0,0.0,0.0,0.0,0.0,0.0,0.285,0.963,2.2,0.054,0.935,0.4,0.056,0.969,0.4,0.098,0.875,0.8,0.0,0.0,0.0,0.031,0.611,0.2
Ian Mahinmi,392.70000000000005,0.0,0.0,0.0,0.072,0.897,0.4,0.0,0.0,0.0,0.154,0.855,0.8,0.035,0.643,0.2,0.032,0.846,0.2,0.0,0.0,0.0,0.31,1.152,1.6,0.0,0.0,0.0,0.218,1.216,1.1,0.161,0.154,0.8
Iman Shumpert,53.2,0.228,1.0,1.3,0.0,0.0,0.0,0.215,0.412,1.2,0.0,0.0,0.0,0.0,0.0,0.0,0.228,0.444,1.3,0.0,0.0,0.0,0.0,0.0,0.0,0.0,0.0,0.0,0.0,0.0,0.0,0.0,0.0,0.0
Isaiah Canaan,180.50000000000003,0.106,1.2,1.1,0.122,1.304,1.2,0.429,0.741,4.3,0.0,0.0,0.0,0.0,0.0,0.0,0.185,0.857,1.8,0.063,1.083,0.6,0.0,0.0,0.0,0.0,0.0,0.0,0.0,0.0,0.0,0.053,1.0,0.5
Isaiah Hicks,81.0,0.0,0.0,0.0,0.124,1.25,0.7,0.0,0.0,0.0,0.206,1.05,1.1,0.134,1.0,0.7,0.155,0.533,0.8,0.0,0.0,0.0,0.216,0.905,1.2,0.0,0.0,0.0,0.0,0.0,0.0,0.0,0.0,0.0
Isaiah Taylor,515.9000000000001,0.066,0.694,0.5,0.177,1.01,1.4,0.435,0.797,3.5,0.0,0.0,0.0,0.0,0.0,0.0,0.175,0.684,1.4,0.039,0.952,0.3,0.0,0.0,0.0,0.041,1.136,0.3,0.0,0.0,0.0,0.042,0.478,0.3
Isaiah Thomas,310.3,0.074,0.826,1.4,0.223,1.014,4.1,0.45,0.822,7.9,0.0,0.0,0.0,0.0,0.0,0.0,0.153,0.9,2.7,0.077,0.792,1.4,0.0,0.0,0.0,0.052,1.0,0.9,0.0,0.0,0.0,0.061,0.632,1.1
Isaiah Whitehead,108.8,0.144,0.882,1.1,0.136,0.813,1.0,0.458,0.926,3.4,0.0,0.0,0.0,0.0,0.0,0.0,0.169,0.8,1.3,0.0,0.0,0.0,0.0,0.0,0.0,0.0,0.0,0.0,0.0,0.0,0.0,0.0,0.0,0.0
Ish Smith,943.0000000000001,0.071,1.0,0.8,0.252,1.045,3.0,0.37,0.837,4.3,0.0,0.0,0.0,0.0,0.0,0.0,0.138,0.886,1.6,0.077,0.824,0.9,0.028,1.556,0.3,0.0,0.0,0.0,0.01,0.6,0.1,0.045,0.953,0.5
Ivan Rabb,190.79999999999998,0.0,0.0,0.0,0.099,1.2,0.6,0.0,0.0,0.0,0.183,1.243,1.0,0.149,0.767,0.8,0.059,0.833,0.3,0.0,0.0,0.0,0.193,1.026,1.1,0.0,0.0,0.0,0.168,1.265,0.9,0.109,0.318,0.6
J.J. Barea,855.5999999999999,0.074,0.631,0.9,0.114,1.04,1.4,0.487,0.84,6.2,0.0,0.0,0.0,0.0,0.0,0.0,0.136,1.218,1.7,0.097,0.918,1.2,0.0,0.0,0.0,0.037,1.5,0.5,0.0,0.0,0.0,0.042,0.378,0.5
JJ Redick,1036.0,0.0,0.0,0.0,0.164,1.231,2.5,0.113,1.076,1.7,0.017,0.944,0.3,0.0,0.0,0.0,0.18,1.2,2.7,0.241,0.984,3.6,0.035,1.324,0.5,0.173,1.158,2.6,0.0,0.0,0.0,0.061,0.846,0.9
JR Smith,696.0,0.099,0.928,0.9,0.18,1.296,1.6,0.099,0.87,0.9,0.02,1.0,0.2,0.0,0.0,0.0,0.294,1.0,2.5,0.076,0.604,0.7,0.017,0.917,0.2,0.142,0.929,1.2,0.0,0.0,0.0,0.062,0.372,0.5
JaKarr Sampson,79.19999999999999,0.0,0.0,0.0,0.146,0.929,0.6,0.0,0.0,0.0,0.0,0.0,0.0,0.115,0.909,0.5,0.177,1.118,0.8,0.0,0.0,0.0,0.198,1.474,0.9,0.0,0.0,0.0,0.177,1.294,0.8,0.0,0.0,0.0
JaMychal Green,605.0,0.036,0.591,0.4,0.109,1.209,1.2,0.0,0.0,0.0,0.083,0.804,0.9,0.099,0.787,1.1,0.267,0.915,3.0,0.0,0.0,0.0,0.16,1.122,1.8,0.0,0.0,0.0,0.168,1.087,1.9,0.062,0.263,0.7
Jabari Parker,390.59999999999997,0.094,0.711,1.2,0.186,1.16,2.4,0.139,1.0,1.8,0.05,1.2,0.6,0.03,1.0,0.4,0.238,1.01,3.1,0.03,0.667,0.4,0.107,1.0,1.4,0.0,0.0,0.0,0.057,0.696,0.7,0.047,0.421,0.6
Jack Cooley,13.299999999999999,0.0,0.0,0.0,0.0,0.0,0.0,0.0,0.0,0.0,0.0,0.0,0.0,0.0,0.0,0.0,0.0,0.0,0.0,0.0,0.0,0.0,0.0,0.0,0.0,0.0,0.0,0.0,0.317,0.692,1.9,0.0,0.0,0.0
Jae Crowder,518.1,0.028,0.5,0.4,0.205,0.968,1.8,0.11,0.385,1.4,0.089,0.829,0.8,0.039,0.667,0.3,0.377,1.012,3.3,0.071,0.72,0.9,0.102,1.298,0.9,0.054,1.04,0.5,0.048,1.682,0.4,0.046,0.524,0.4
Jahlil Okafor,140.4,0.089,0.929,0.5,0.0,0.0,0.0,0.0,0.0,0.0,0.229,1.333,1.4,0.261,0.756,1.6,0.076,0.917,0.5,0.0,0.0,0.0,0.153,1.333,0.9,0.0,0.0,0.0,0.083,1.154,0.5,0.0,0.0,0.0
Jakob Poeltl,500.19999999999993,0.0,0.0,0.0,0.088,1.511,0.5,0.0,0.0,0.0,0.247,1.151,1.5,0.031,0.688,0.2,0.027,0.786,0.2,0.0,0.0,0.0,0.296,1.265,1.8,0.0,0.0,0.0,0.192,1.265,1.2,0.118,0.3,0.7
Jalen Jones,38.4,0.0,0.0,0.0,0.0,0.0,0.0,0.0,0.0,0.0,0.0,0.0,0.0,0.0,0.0,0.0,0.372,1.069,2.4,0.0,0.0,0.0,0.0,0.0,0.0,0.0,0.0,0.0,0.128,1.5,0.8,0.0,0.0,0.0
Jamal Crawford,864.0,0.198,0.874,2.2,0.137,0.883,1.5,0.308,0.9,3.4,0.0,0.0,0.0,0.0,0.0,0.0,0.21,1.07,2.3,0.058,0.922,0.6,0.0,0.0,0.0,0.033,1.103,0.4,0.0,0.0,0.0,0.04,0.686,0.4
Jamal Murray,1320.3000000000002,0.103,0.824,1.7,0.135,1.05,2.2,0.257,0.859,4.2,0.0,0.0,0.0,0.0,0.0,0.0,0.177,1.183,2.9,0.118,0.955,1.9,0.052,1.261,0.9,0.073,1.216,1.2,0.023,1.533,0.4,0.055,0.644,0.9
Jameer Nelson,266.6,0.063,1.235,0.4,0.152,0.878,1.0,0.312,0.69,2.0,0.0,0.0,0.0,0.0,0.0,0.0,0.264,0.873,1.7,0.097,0.654,0.6,0.0,0.0,0.0,0.0,0.0,0.0,0.0,0.0,0.0,0.074,0.65,0.5
Jamel Artis,57.0,0.0,0.0,0.0,0.0,0.0,0.0,0.108,0.4,0.7,0.0,0.0,0.0,0.0,0.0,0.0,0.387,0.889,2.4,0.0,0.0,0.0,0.108,1.2,0.7,0.0,0.0,0.0,0.0,0.0,0.0,0.0,0.0,0.0
James Ennis III,313.2,0.0,0.0,0.0,0.224,1.424,1.5,0.102,0.8,0.7,0.0,0.0,0.0,0.0,0.0,0.0,0.299,0.966,2.0,0.167,1.091,1.2,0.102,1.3,0.7,0.051,1.3,0.4,0.088,1.154,0.6,0.078,0.435,0.5
James Harden,2059.2,0.35,1.22,10.0,0.115,1.089,3.3,0.358,0.909,10.2,0.0,0.0,0.0,0.018,0.861,0.5,0.051,0.886,1.5,0.032,1.076,0.9,0.01,1.65,0.3,0.01,1.95,0.3,0.007,0.857,0.2,0.05,0.728,1.4
James Johnson,824.9,0.143,0.89,1.6,0.119,0.99,1.3,0.137,0.708,1.5,0.068,1.125,0.8,0.041,0.882,0.5,0.255,1.019,2.9,0.035,0.966,0.4,0.074,1.459,0.8,0.017,1.0,0.2,0.025,1.286,0.3,0.086,0.563,1.0
James Webb III,18.0,0.0,0.0,0.0,0.0,0.0,0.0,0.0,0.0,0.0,0.0,0.0,0.0,0.0,0.0,0.0,0.643,0.444,1.8,0.0,0.0,0.0,0.0,0.0,0.0,0.0,0.0,0.0,0.0,0.0,0.0,0.0,0.0,0.0
Jamil Wilson,85.5,0.0,0.0,0.0,0.143,1.0,0.9,0.0,0.0,0.0,0.132,2.083,0.8,0.0,0.0,0.0,0.538,1.041,3.3,0.0,0.0,0.0,0.0,0.0,0.0,0.11,1.4,0.7,0.0,0.0,0.0,0.0,0.0,0.0
Jared Dudley,144.0,0.0,0.0,0.0,0.211,0.686,0.7,0.0,0.0,0.0,0.078,0.615,0.3,0.0,0.0,0.0,0.44,1.205,1.5,0.0,0.0,0.0,0.0,0.0,0.0,0.0,0.0,0.0,0.0,0.0,0.0,0.133,0.5,0.5
Jarell Martin,627.8,0.038,0.833,0.3,0.187,0.983,1.6,0.044,0.714,0.4,0.068,0.953,0.6,0.033,0.714,0.3,0.317,0.812,2.8,0.017,0.727,0.2,0.119,1.171,1.0,0.0,0.0,0.0,0.097,1.048,0.8,0.068,0.349,0.6
Jarrett Allen,532.8000000000001,0.0,0.0,0.0,0.055,1.1,0.4,0.0,0.0,0.0,0.359,1.157,2.7,0.0,0.0,0.0,0.046,1.0,0.3,0.0,0.0,0.0,0.29,1.277,2.2,0.0,0.0,0.0,0.133,1.027,1.0,0.104,0.351,0.8
Jarrett Jack,576.6,0.063,0.757,0.6,0.139,0.707,1.3,0.502,0.858,4.8,0.0,0.0,0.0,0.0,0.0,0.0,0.151,0.854,1.4,0.02,0.583,0.2,0.0,0.0,0.0,0.02,1.0,0.2,0.0,0.0,0.0,0.085,0.38,0.8
Jason Terry,153.00000000000003,0.0,0.0,0.0,0.265,1.021,0.9,0.0,0.0,0.0,0.0,0.0,0.0,0.0,0.0,0.0,0.431,0.987,1.5,0.077,0.571,0.3,0.0,0.0,0.0,0.077,0.929,0.3,0.0,0.0,0.0,0.0,0.0,0.0
Jawun Evans,302.40000000000003,0.066,0.762,0.4,0.209,0.746,1.4,0.275,0.682,1.8,0.0,0.0,0.0,0.0,0.0,0.0,0.269,0.791,1.8,0.072,0.478,0.5,0.0,0.0,0.0,0.0,0.0,0.0,0.0,0.0,0.0,0.063,0.4,0.4
Jaylen Brown,1029.0,0.065,0.985,1.0,0.242,1.016,3.5,0.08,0.732,1.2,0.0,0.0,0.0,0.061,0.794,0.9,0.279,1.143,4.1,0.052,0.755,0.8,0.081,1.145,1.2,0.055,1.0,0.8,0.041,1.024,0.6,0.04,0.585,0.6
Jaylen Morris,16.200000000000003,0.0,0.0,0.0,0.0,0.0,0.0,0.0,0.0,0.0,0.0,0.0,0.0,0.0,0.0,0.0,0.432,0.75,2.7,0.0,0.0,0.0,0.0,0.0,0.0,0.0,0.0,0.0,0.0,0.0,0.0,0.0,0.0,0.0
Jayson Tatum,1064.0,0.106,0.823,1.4,0.192,1.221,2.5,0.123,0.939,1.6,0.021,1.0,0.3,0.041,0.909,0.6,0.273,1.168,3.6,0.081,0.837,1.1,0.031,1.394,0.4,0.081,1.0,1.1,0.021,1.045,0.3,0.031,0.485,0.4
Jeff Green,803.4,0.075,0.85,0.8,0.206,1.165,2.1,0.021,0.824,0.2,0.059,0.936,0.6,0.113,0.889,1.2,0.262,1.005,2.7,0.0,0.0,0.0,0.123,1.49,1.3,0.018,1.286,0.2,0.056,1.2,0.6,0.061,0.571,0.6
Jeff Teague,1050.0,0.143,0.981,2.2,0.16,0.953,2.5,0.428,0.844,6.6,0.0,0.0,0.0,0.009,0.8,0.1,0.126,1.14,1.9,0.021,1.348,0.3,0.0,0.0,0.0,0.009,0.8,0.1,0.0,0.0,0.0,0.086,0.645,1.3
Jerami Grant,607.5,0.042,0.923,0.3,0.125,1.39,1.0,0.0,0.0,0.0,0.267,1.236,2.0,0.079,1.061,0.6,0.256,0.892,2.0,0.0,0.0,0.0,0.102,1.381,0.8,0.0,0.0,0.0,0.066,1.22,0.5,0.045,0.429,0.3
Jeremy Lamb,1000.0,0.082,0.88,1.0,0.121,1.27,1.5,0.346,0.92,4.4,0.0,0.0,0.0,0.0,0.0,0.0,0.17,1.076,2.1,0.047,1.064,0.6,0.047,1.723,0.6,0.11,0.946,1.4,0.026,0.923,0.3,0.044,0.523,0.6
Jeremy Lin,14.0,0.0,0.0,0.0,0.0,0.0,0.0,0.778,1.143,14.0,0.0,0.0,0.0,0.0,0.0,0.0,0.0,0.0,0.0,0.0,0.0,0.0,0.0,0.0,0.0,0.0,0.0,0.0,0.0,0.0,0.0,0.0,0.0,0.0
Jerian Grant,651.1999999999999,0.103,0.71,0.9,0.127,1.306,1.1,0.403,0.97,3.6,0.0,0.0,0.0,0.0,0.0,0.0,0.213,0.81,1.9,0.048,0.938,0.4,0.0,0.0,0.0,0.019,1.231,0.2,0.0,0.0,0.0,0.073,0.592,0.7
Jerryd Bayless,328.0,0.046,0.6,0.4,0.256,1.06,2.1,0.076,0.72,0.6,0.0,0.0,0.0,0.0,0.0,0.0,0.335,0.945,2.8,0.085,0.464,0.7,0.088,1.276,0.7,0.046,1.133,0.4,0.0,0.0,0.0,0.055,0.889,0.5
Jimmy Butler,1203.6,0.128,0.929,2.6,0.12,1.4,2.5,0.312,0.912,6.4,0.012,1.143,0.2,0.083,0.89,1.7,0.118,1.183,2.4,0.06,1.123,1.2,0.053,1.547,1.1,0.023,1.179,0.5,0.036,1.273,0.7,0.056,0.821,1.1
Jodie Meeks,461.99999999999994,0.0,0.0,0.0,0.178,1.226,1.1,0.1,0.787,0.6,0.0,0.0,0.0,0.0,0.0,0.0,0.287,1.007,1.8,0.098,0.696,0.6,0.021,1.2,0.1,0.263,0.968,1.6,0.0,0.0,0.0,0.025,0.833,0.2
Joe Harris,748.8000000000002,0.0,0.0,0.0,0.161,1.215,1.6,0.064,1.021,0.6,0.0,0.0,0.0,0.0,0.0,0.0,0.335,1.187,3.2,0.113,1.094,1.1,0.072,1.185,0.7,0.162,1.107,1.6,0.037,1.0,0.4,0.041,0.323,0.4
Joe Ingles,910.1999999999999,0.054,0.898,0.6,0.125,1.447,1.4,0.24,0.735,2.7,0.0,0.0,0.0,0.0,0.0,0.0,0.268,1.115,3.0,0.087,0.899,1.0,0.016,1.667,0.2,0.155,1.184,1.7,0.0,0.0,0.0,0.042,0.447,0.5
Joe Johnson,235.8,0.143,0.789,1.2,0.099,0.813,0.7,0.105,0.786,0.9,0.041,0.909,0.3,0.273,1.114,1.9,0.312,0.94,2.6,0.0,0.0,0.0,0.0,0.0,0.0,0.06,1.188,0.5,0.0,0.0,0.0,0.0,0.0,0.0
Joe Young,212.00000000000003,0.081,0.667,0.3,0.188,0.595,0.8,0.274,0.984,1.2,0.0,0.0,0.0,0.0,0.0,0.0,0.265,1.034,1.1,0.103,1.261,0.4,0.0,0.0,0.0,0.0,0.0,0.0,0.0,0.0,0.0,0.054,0.667,0.2
Joel Embiid,1499.4000000000003,0.066,0.818,1.6,0.072,1.093,1.7,0.018,0.963,0.4,0.084,0.992,2.0,0.397,0.966,9.4,0.116,0.861,2.7,0.011,0.765,0.3,0.075,1.402,1.8,0.021,1.0,0.5,0.066,1.194,1.6,0.074,0.459,1.8
John Collins,725.1999999999999,0.026,0.842,0.3,0.091,1.358,0.9,0.0,0.0,0.0,0.225,1.133,2.2,0.048,0.657,0.5,0.098,0.847,1.0,0.0,0.0,0.0,0.233,1.298,2.3,0.0,0.0,0.0,0.15,1.173,1.5,0.112,0.354,1.1
John Henson,646.0,0.0,0.0,0.0,0.095,1.032,0.8,0.0,0.0,0.0,0.167,1.138,1.4,0.066,1.023,0.6,0.064,0.69,0.6,0.0,0.0,0.0,0.364,1.206,3.1,0.0,0.0,0.0,0.141,1.022,1.2,0.09,0.203,0.8
John Wall,926.6000000000001,0.229,0.948,5.2,0.243,0.947,5.5,0.294,0.704,6.7,0.0,0.0,0.0,0.028,0.731,0.6,0.117,1.018,2.7,0.016,1.0,0.4,0.0,0.0,0.0,0.0,0.0,0.0,0.011,1.4,0.2,0.056,0.519,1.3
Johnathan Motley,84.7,0.0,0.0,0.0,0.103,1.2,0.9,0.0,0.0,0.0,0.165,0.938,1.5,0.186,1.0,1.6,0.175,1.294,1.5,0.0,0.0,0.0,0.134,0.923,1.2,0.0,0.0,0.0,0.113,1.182,1.0,0.0,0.0,0.0
Johnny O'Bryant III,194.4,0.062,0.833,0.3,0.067,0.769,0.4,0.0,0.0,0.0,0.19,0.892,1.0,0.185,0.417,1.0,0.236,0.957,1.3,0.0,0.0,0.0,0.128,1.32,0.7,0.0,0.0,0.0,0.056,1.273,0.3,0.067,0.615,0.4
Jon Leuer,10.4,0.0,0.0,0.0,0.204,1.2,1.3,0.0,0.0,0.0,0.0,0.0,0.0,0.0,0.0,0.0,0.0,0.0,0.0,0.0,0.0,0.0,0.0,0.0,0.0,0.0,0.0,0.0,0.0,0.0,0.0,0.0,0.0,0.0
Jonas Jerebko,370.00000000000006,0.0,0.0,0.0,0.173,1.103,0.9,0.0,0.0,0.0,0.081,0.844,0.4,0.0,0.0,0.0,0.491,1.124,2.6,0.0,0.0,0.0,0.097,1.263,0.5,0.0,0.0,0.0,0.066,1.269,0.4,0.041,0.75,0.2
Jonas Valanciunas,885.4999999999999,0.029,1.115,0.3,0.046,1.098,0.5,0.0,0.0,0.0,0.26,1.163,3.0,0.17,1.092,2.0,0.074,1.167,0.9,0.0,0.0,0.0,0.192,1.244,2.2,0.0,0.0,0.0,0.145,1.177,1.7,0.078,0.329,0.9
Jonathan Isaac,153.9,0.0,0.0,0.0,0.132,1.208,0.9,0.0,0.0,0.0,0.071,0.154,0.5,0.066,0.333,0.4,0.379,0.768,2.6,0.0,0.0,0.0,0.137,1.28,0.9,0.0,0.0,0.0,0.0,0.0,0.0,0.066,0.583,0.4
Jonathon Simmons,1014.3000000000001,0.082,0.807,1.2,0.149,1.253,2.2,0.318,0.794,4.7,0.0,0.0,0.0,0.036,0.889,0.5,0.209,1.057,3.1,0.066,0.716,1.0,0.031,1.419,0.4,0.038,0.974,0.6,0.035,1.2,0.5,0.035,0.571,0.5
Jordan Bell,245.09999999999997,0.039,0.9,0.2,0.18,1.304,0.8,0.0,0.0,0.0,0.122,0.742,0.5,0.071,0.556,0.3,0.051,0.846,0.2,0.0,0.0,0.0,0.278,1.479,1.2,0.0,0.0,0.0,0.141,1.056,0.6,0.106,0.074,0.5
Jordan Clarkson,800.3,0.092,0.986,1.4,0.159,1.047,2.4,0.353,0.842,5.4,0.0,0.0,0.0,0.0,0.0,0.0,0.12,0.969,1.8,0.074,0.917,1.1,0.043,1.143,0.7,0.079,0.953,1.2,0.035,1.179,0.5,0.037,0.7,0.6
Jordan Crawford,12.0,0.0,0.0,0.0,0.0,0.0,0.0,0.387,0.833,2.4,0.0,0.0,0.0,0.0,0.0,0.0,0.0,0.0,0.0,0.0,0.0,0.0,0.0,0.0,0.0,0.0,0.0,0.0,0.0,0.0,0.0,0.0,0.0,0.0
Jordan Mickey,89.7,0.0,0.0,0.0,0.0,0.0,0.0,0.0,0.0,0.0,0.222,1.208,1.0,0.0,0.0,0.0,0.185,0.45,0.9,0.0,0.0,0.0,0.167,1.278,0.8,0.0,0.0,0.0,0.12,1.077,0.6,0.13,0.357,0.6
Jose Calderon,216.6,0.0,0.0,0.0,0.126,1.167,0.5,0.382,0.879,1.6,0.0,0.0,0.0,0.0,0.0,0.0,0.277,1.439,1.2,0.046,1.273,0.2,0.0,0.0,0.0,0.0,0.0,0.0,0.0,0.0,0.0,0.067,0.375,0.3
Josh Gray,27.0,0.0,0.0,0.0,0.0,0.0,0.0,0.509,0.63,5.4,0.0,0.0,0.0,0.0,0.0,0.0,0.0,0.0,0.0,0.0,0.0,0.0,0.0,0.0,0.0,0.0,0.0,0.0,0.0,0.0,0.0,0.0,0.0,0.0
Josh Hart,466.19999999999993,0.028,0.692,0.2,0.315,1.185,2.3,0.078,0.667,0.6,0.0,0.0,0.0,0.0,0.0,0.0,0.347,1.149,2.6,0.056,1.038,0.4,0.054,1.12,0.4,0.024,1.182,0.2,0.037,0.882,0.3,0.054,0.72,0.4
Josh Huestis,186.29999999999998,0.0,0.0,0.0,0.12,1.038,0.4,0.0,0.0,0.0,0.0,0.0,0.0,0.0,0.0,0.0,0.539,0.598,1.7,0.0,0.0,0.0,0.092,1.0,0.3,0.0,0.0,0.0,0.106,0.783,0.3,0.0,0.0,0.0
Josh Jackson,1201.1999999999998,0.063,0.667,1.0,0.26,0.987,4.0,0.18,0.694,2.8,0.0,0.0,0.0,0.014,0.765,0.2,0.174,0.74,2.7,0.094,0.723,1.5,0.058,1.386,0.9,0.062,0.811,1.0,0.055,1.0,0.9,0.037,0.636,0.6
Josh Magette,44.2,0.0,0.0,0.0,0.0,0.0,0.0,0.525,0.71,1.8,0.0,0.0,0.0,0.0,0.0,0.0,0.22,1.308,0.8,0.0,0.0,0.0,0.0,0.0,0.0,0.0,0.0,0.0,0.0,0.0,0.0,0.0,0.0,0.0
Josh Richardson,1077.3000000000002,0.024,0.731,0.3,0.132,1.056,1.8,0.23,0.775,3.1,0.0,0.0,0.0,0.01,0.727,0.1,0.271,1.058,3.6,0.161,1.098,2.1,0.043,1.277,0.6,0.052,0.821,0.7,0.021,1.174,0.3,0.052,0.589,0.7
Jrue Holiday,1547.1,0.112,1.0,2.1,0.191,1.014,3.7,0.291,0.876,5.6,0.011,1.588,0.2,0.032,1.122,0.6,0.134,1.077,2.6,0.054,1.202,1.0,0.05,1.256,1.0,0.057,0.784,1.1,0.013,1.15,0.2,0.055,0.741,1.0
Juancho Hernangomez,70.0,0.0,0.0,0.0,0.159,0.929,0.6,0.0,0.0,0.0,0.0,0.0,0.0,0.0,0.0,0.0,0.489,0.721,1.7,0.0,0.0,0.0,0.0,0.0,0.0,0.0,0.0,0.0,0.148,1.0,0.5,0.0,0.0,0.0
Julius Randle,1287.4,0.085,0.845,1.3,0.194,1.111,3.1,0.014,1.056,0.2,0.118,1.157,1.9,0.209,0.886,3.3,0.099,0.899,1.6,0.009,0.917,0.1,0.094,1.352,1.5,0.0,0.0,0.0,0.103,1.254,1.6,0.071,0.424,1.1
Justin Anderson,227.99999999999997,0.0,0.0,0.0,0.212,1.36,1.3,0.081,0.789,0.5,0.0,0.0,0.0,0.0,0.0,0.0,0.331,0.923,2.1,0.076,0.833,0.5,0.085,1.55,0.5,0.064,0.8,0.4,0.064,0.8,0.4,0.051,0.5,0.3
Justin Holiday,928.8,0.016,1.0,0.2,0.149,0.921,1.9,0.113,0.462,1.5,0.0,0.0,0.0,0.0,0.0,0.0,0.332,1.071,4.3,0.161,1.126,2.1,0.054,1.157,0.7,0.093,0.816,1.2,0.025,0.609,0.3,0.052,0.673,0.7
Justin Jackson,462.40000000000003,0.0,0.0,0.0,0.189,1.124,1.3,0.074,0.8,0.5,0.0,0.0,0.0,0.0,0.0,0.0,0.357,0.94,2.5,0.083,0.795,0.6,0.108,1.275,0.8,0.093,0.636,0.6,0.036,1.294,0.3,0.034,0.25,0.2
Justise Winslow,618.8000000000001,0.039,0.542,0.4,0.178,0.954,1.6,0.139,0.906,1.3,0.029,0.889,0.3,0.026,0.25,0.2,0.306,0.973,2.8,0.054,0.455,0.5,0.083,1.059,0.8,0.0,0.0,0.0,0.047,0.897,0.4,0.085,0.423,0.8
Jusuf Nurkic,1248.2,0.022,0.536,0.4,0.039,0.98,0.6,0.0,0.0,0.0,0.276,1.023,4.4,0.223,0.77,3.5,0.073,0.714,1.2,0.0,0.0,0.0,0.164,1.146,2.6,0.0,0.0,0.0,0.116,1.076,1.8,0.083,0.417,1.3
Karl-Anthony Towns,1492.3999999999999,0.044,1.03,0.8,0.065,1.286,1.2,0.0,0.0,0.0,0.209,1.162,3.8,0.225,1.018,4.1,0.154,1.25,2.8,0.0,0.0,0.0,0.085,1.297,1.6,0.029,1.0,0.5,0.112,1.379,2.1,0.07,0.752,1.3
Kawhi Leonard,123.0,0.14,0.55,2.0,0.154,1.045,2.2,0.308,1.159,4.4,0.0,0.0,0.0,0.077,1.0,1.1,0.182,1.192,2.6,0.0,0.0,0.0,0.0,0.0,0.0,0.0,0.0,0.0,0.0,0.0,0.0,0.0,0.0,0.0
Kelly Olynyk,874.0,0.035,0.833,0.4,0.102,1.205,1.2,0.022,0.842,0.3,0.167,1.153,1.9,0.092,0.873,1.0,0.223,1.031,2.5,0.051,0.75,0.6,0.066,1.456,0.8,0.085,0.973,1.0,0.052,1.178,0.6,0.103,0.584,1.2
Kelly Oubre Jr.,963.9000000000001,0.035,0.794,0.4,0.19,1.306,2.3,0.118,0.707,1.4,0.0,0.0,0.0,0.0,0.0,0.0,0.367,0.981,4.4,0.09,0.614,1.1,0.045,1.159,0.5,0.06,0.915,0.7,0.044,1.349,0.5,0.046,0.511,0.6
Kemba Walker,1712.0,0.065,0.82,1.4,0.161,1.116,3.4,0.503,1.03,10.8,0.0,0.0,0.0,0.0,0.0,0.0,0.113,1.165,2.4,0.045,1.052,1.0,0.009,0.933,0.2,0.051,1.057,1.1,0.009,0.625,0.2,0.043,0.554,0.9
Kenneth Faried,182.39999999999998,0.0,0.0,0.0,0.163,1.25,1.0,0.0,0.0,0.0,0.117,1.304,0.7,0.117,0.609,0.7,0.0,0.0,0.0,0.0,0.0,0.0,0.199,1.205,1.2,0.0,0.0,0.0,0.245,0.75,1.5,0.102,0.25,0.6
Kent Bazemore,910.0,0.053,0.688,0.7,0.135,1.309,1.9,0.294,0.762,4.1,0.0,0.0,0.0,0.0,0.0,0.0,0.197,1.05,2.8,0.093,0.682,1.3,0.027,1.36,0.4,0.119,1.009,1.7,0.019,0.529,0.3,0.058,0.623,0.8
Kentavious Caldwell-Pope,962.0,0.032,1.032,0.4,0.255,1.158,3.3,0.115,0.586,1.5,0.0,0.0,0.0,0.0,0.0,0.0,0.232,1.107,3.0,0.068,0.833,0.9,0.044,1.256,0.6,0.18,0.983,2.4,0.03,1.31,0.4,0.039,0.5,0.5
Kevin Durant,1597.9999999999998,0.155,1.057,3.6,0.209,1.108,4.9,0.182,1.038,4.3,0.016,1.36,0.4,0.087,0.971,2.0,0.117,1.435,2.7,0.025,0.538,0.6,0.058,1.543,1.4,0.089,1.206,2.1,0.012,1.316,0.3,0.051,0.593,1.2
Kevin Love,920.4,0.03,0.857,0.5,0.134,1.192,2.1,0.0,0.0,0.0,0.117,1.119,1.8,0.194,0.983,3.1,0.234,1.271,3.7,0.0,0.0,0.0,0.081,1.329,1.3,0.054,0.8,0.8,0.074,1.101,1.2,0.069,0.609,1.1
Kevon Looney,257.4,0.039,0.6,0.2,0.1,1.269,0.4,0.0,0.0,0.0,0.116,1.033,0.5,0.054,0.857,0.2,0.108,1.071,0.4,0.0,0.0,0.0,0.301,1.205,1.2,0.0,0.0,0.0,0.162,1.19,0.6,0.093,0.208,0.4
Khem Birch,180.6,0.0,0.0,0.0,0.068,0.833,0.3,0.0,0.0,0.0,0.209,1.297,0.9,0.085,0.6,0.4,0.073,0.846,0.3,0.0,0.0,0.0,0.266,1.106,1.1,0.0,0.0,0.0,0.226,1.025,1.0,0.068,0.333,0.3
Khris Middleton,1590.8000000000002,0.093,0.879,1.8,0.182,1.062,3.5,0.2,1.034,3.9,0.026,1.452,0.5,0.078,0.984,1.5,0.207,1.079,4.0,0.054,0.989,1.1,0.019,1.097,0.4,0.081,0.8,1.6,0.013,1.3,0.2,0.046,0.743,0.9
Klay Thompson,1343.2,0.044,0.847,0.8,0.191,1.331,3.5,0.072,0.763,1.3,0.009,1.083,0.2,0.04,0.815,0.7,0.119,1.175,2.2,0.056,0.96,1.0,0.08,1.213,1.5,0.334,1.098,6.2,0.011,0.933,0.2,0.044,0.644,0.8
Kobi Simmons,236.8,0.057,0.714,0.4,0.22,1.019,1.7,0.282,0.667,2.2,0.0,0.0,0.0,0.0,0.0,0.0,0.192,0.766,1.5,0.061,0.533,0.5,0.069,1.176,0.5,0.0,0.0,0.0,0.0,0.0,0.0,0.078,0.421,0.6
Kosta Koufos,454.4,0.047,0.727,0.3,0.062,1.31,0.4,0.0,0.0,0.0,0.279,1.038,1.8,0.106,0.88,0.7,0.021,0.8,0.1,0.0,0.0,0.0,0.247,1.181,1.6,0.0,0.0,0.0,0.155,1.11,1.0,0.081,0.395,0.5
Kris Dunn,868.4000000000001,0.077,0.836,1.3,0.147,0.835,2.4,0.478,0.792,8.0,0.0,0.0,0.0,0.038,0.848,0.6,0.139,0.825,2.3,0.021,0.722,0.3,0.016,1.357,0.3,0.012,0.9,0.2,0.015,1.0,0.3,0.058,0.5,1.0
Kristaps Porzingis,1097.6,0.083,0.703,1.9,0.075,1.133,1.7,0.014,0.4,0.3,0.169,1.011,3.8,0.248,0.963,5.6,0.131,1.028,2.9,0.01,1.182,0.2,0.055,1.344,1.2,0.119,1.107,2.7,0.037,0.683,0.8,0.06,0.758,1.3
Kyle Anderson,599.4,0.07,0.929,0.6,0.147,0.864,1.2,0.155,0.849,1.3,0.0,0.0,0.0,0.027,0.688,0.2,0.228,0.883,1.9,0.048,1.103,0.4,0.133,1.475,1.1,0.0,0.0,0.0,0.095,1.175,0.8,0.07,0.548,0.6
Kyle Collinsworth,102.30000000000001,0.0,0.0,0.0,0.1,1.0,0.4,0.257,0.75,1.1,0.0,0.0,0.0,0.0,0.0,0.0,0.186,0.692,0.8,0.0,0.0,0.0,0.0,0.0,0.0,0.0,0.0,0.0,0.114,0.625,0.5,0.071,0.1,0.3
Kyle Korver,562.0999999999999,0.0,0.0,0.0,0.131,0.959,1.0,0.025,0.571,0.2,0.025,1.071,0.2,0.0,0.0,0.0,0.204,1.421,1.6,0.125,0.971,1.0,0.048,1.519,0.4,0.366,1.255,2.8,0.0,0.0,0.0,0.068,0.816,0.5
Kyle Kuzma,1262.7999999999997,0.064,1.123,1.1,0.236,0.98,3.9,0.058,0.767,0.9,0.065,0.988,1.1,0.055,1.014,0.9,0.264,0.973,4.3,0.026,0.939,0.4,0.058,1.216,1.0,0.085,0.824,1.4,0.051,1.203,0.8,0.039,0.612,0.6
Kyle Lowry,1224.6,0.061,1.147,1.0,0.21,1.159,3.3,0.265,0.895,4.2,0.0,0.0,0.0,0.009,1.091,0.1,0.2,1.102,3.1,0.086,0.962,1.3,0.016,1.25,0.3,0.068,1.253,1.1,0.024,0.655,0.4,0.055,0.559,0.9
Kyle O'Quinn,539.0,0.057,0.774,0.4,0.065,1.371,0.5,0.0,0.0,0.0,0.257,1.209,1.8,0.069,0.865,0.5,0.1,0.704,0.7,0.0,0.0,0.0,0.169,1.33,1.2,0.0,0.0,0.0,0.131,1.352,0.9,0.148,0.213,1.0
Kyrie Irving,1308.0,0.16,1.038,3.5,0.138,0.967,3.0,0.305,1.099,6.7,0.0,0.0,0.0,0.024,0.75,0.5,0.085,1.232,1.9,0.11,1.144,2.4,0.033,1.591,0.7,0.095,1.151,2.1,0.01,1.231,0.2,0.038,0.88,0.8
LaMarcus Aldridge,1620.0,0.031,0.72,0.7,0.033,1.358,0.7,0.0,0.0,0.0,0.166,1.078,3.6,0.434,0.99,9.4,0.093,1.007,2.0,0.0,0.0,0.0,0.073,1.294,1.6,0.023,0.811,0.5,0.103,1.377,2.2,0.041,0.746,0.9
Lance Stephenson,893.7999999999998,0.138,0.806,1.5,0.154,0.978,1.7,0.339,0.74,3.7,0.0,0.0,0.0,0.0,0.0,0.0,0.206,0.989,2.3,0.033,0.867,0.4,0.016,1.429,0.2,0.017,0.333,0.2,0.038,1.147,0.4,0.05,0.333,0.5
Lance Thomas,299.29999999999995,0.033,0.182,0.2,0.123,1.171,0.6,0.0,0.0,0.0,0.054,1.0,0.2,0.0,0.0,0.0,0.443,1.027,2.0,0.0,0.0,0.0,0.096,0.938,0.4,0.0,0.0,0.0,0.084,0.571,0.4,0.069,0.304,0.3
Langston Galloway,359.6,0.0,0.0,0.0,0.124,0.891,0.8,0.151,0.732,1.0,0.0,0.0,0.0,0.0,0.0,0.0,0.247,1.065,1.6,0.188,1.1,1.2,0.0,0.0,0.0,0.212,0.911,1.4,0.0,0.0,0.0,0.032,0.667,0.2
Larry Nance Jr.,327.0,0.0,0.0,0.0,0.168,1.464,1.3,0.0,0.0,0.0,0.192,1.031,1.5,0.072,0.875,0.6,0.15,0.793,1.2,0.0,0.0,0.0,0.195,1.215,1.5,0.0,0.0,0.0,0.177,1.22,1.4,0.105,0.571,0.8
Lauri Markkanen,1013.1999999999998,0.028,0.75,0.4,0.132,1.241,2.0,0.045,0.978,0.7,0.118,1.084,1.8,0.11,0.811,1.6,0.278,0.971,4.1,0.042,0.952,0.6,0.044,1.318,0.6,0.105,1.028,1.6,0.052,1.135,0.8,0.046,0.848,0.7
LeBron James,2140.2000000000003,0.244,0.96,6.4,0.21,1.185,5.5,0.209,1.02,5.5,0.028,1.233,0.7,0.092,1.036,2.4,0.047,1.08,1.2,0.011,0.792,0.3,0.055,1.619,1.4,0.009,1.263,0.2,0.03,1.188,0.8,0.066,0.418,1.7
Lonzo Ball,728.0,0.04,0.759,0.6,0.199,0.738,2.8,0.292,0.627,4.1,0.0,0.0,0.0,0.0,0.0,0.0,0.226,0.982,3.2,0.05,0.583,0.7,0.037,1.222,0.5,0.025,0.611,0.3,0.04,0.759,0.6,0.083,0.217,1.2
Lou Williams,1753.7999999999997,0.086,0.928,1.9,0.149,1.027,3.3,0.436,0.889,9.8,0.0,0.0,0.0,0.0,0.0,0.0,0.131,1.043,2.9,0.085,1.207,1.9,0.014,1.25,0.3,0.042,1.36,0.9,0.015,1.148,0.3,0.039,0.797,0.9
Luc Mbah a Moute,445.2999999999999,0.03,1.5,0.2,0.23,1.245,1.7,0.028,0.385,0.2,0.087,1.15,0.7,0.0,0.0,0.0,0.439,0.876,3.3,0.022,0.2,0.2,0.05,1.348,0.4,0.033,1.4,0.2,0.0,0.0,0.0,0.05,0.435,0.4
Luke Babbitt,185.0,0.0,0.0,0.0,0.109,1.143,0.6,0.0,0.0,0.0,0.172,1.394,0.9,0.0,0.0,0.0,0.479,1.261,2.5,0.057,1.182,0.3,0.0,0.0,0.0,0.083,0.75,0.4,0.0,0.0,0.0,0.057,0.273,0.3
Luke Kennard,554.8,0.0,0.0,0.0,0.124,1.071,1.0,0.154,0.77,1.2,0.0,0.0,0.0,0.0,0.0,0.0,0.204,1.278,1.6,0.257,0.8,2.0,0.046,1.231,0.4,0.135,0.908,1.0,0.0,0.0,0.0,0.046,0.846,0.4
Luke Kornet,128.0,0.0,0.0,0.0,0.085,1.583,0.6,0.0,0.0,0.0,0.275,0.949,2.0,0.07,0.6,0.5,0.345,0.755,2.5,0.0,0.0,0.0,0.113,1.563,0.8,0.0,0.0,0.0,0.0,0.0,0.0,0.0,0.0,0.0
Malachi Richardson,87.5,0.0,0.0,0.0,0.12,1.231,0.5,0.102,0.727,0.4,0.0,0.0,0.0,0.0,0.0,0.0,0.472,0.667,2.0,0.13,0.786,0.6,0.0,0.0,0.0,0.0,0.0,0.0,0.0,0.0,0.0,0.0,0.0,0.0
Malcolm Brogdon,600.0,0.055,1.455,0.7,0.187,0.991,2.4,0.254,0.974,3.2,0.0,0.0,0.0,0.017,0.8,0.2,0.224,1.059,2.8,0.038,1.13,0.5,0.093,1.286,1.2,0.061,0.757,0.8,0.025,0.8,0.3,0.033,0.55,0.4
Malcolm Delaney,378.00000000000006,0.097,0.895,0.7,0.13,1.157,0.9,0.375,0.667,2.7,0.0,0.0,0.0,0.0,0.0,0.0,0.219,0.907,1.6,0.041,1.063,0.3,0.0,0.0,0.0,0.054,0.952,0.4,0.0,0.0,0.0,0.048,0.895,0.4
Manu Ginobili,604.5,0.035,0.682,0.3,0.106,0.924,1.0,0.355,0.86,3.4,0.0,0.0,0.0,0.0,0.0,0.0,0.275,1.111,2.6,0.077,0.833,0.7,0.029,1.222,0.3,0.047,0.517,0.4,0.0,0.0,0.0,0.058,0.722,0.6
MarShon Brooks,106.4,0.291,1.459,5.3,0.157,1.3,2.9,0.26,0.758,4.7,0.0,0.0,0.0,0.0,0.0,0.0,0.126,1.063,2.3,0.0,0.0,0.0,0.0,0.0,0.0,0.0,0.0,0.0,0.0,0.0,0.0,0.0,0.0,0.0
Marc Gasol,1357.8,0.052,0.789,1.0,0.06,0.817,1.1,0.0,0.0,0.0,0.275,1.024,5.1,0.277,0.786,5.2,0.149,0.926,2.8,0.021,1.241,0.4,0.049,1.224,0.9,0.033,0.933,0.6,0.023,1.258,0.4,0.059,0.45,1.1
Marcin Gortat,721.5999999999999,0.0,0.0,0.0,0.045,1.303,0.4,0.0,0.0,0.0,0.209,0.877,1.9,0.166,0.787,1.5,0.026,0.474,0.2,0.0,0.0,0.0,0.319,1.213,2.9,0.0,0.0,0.0,0.103,1.0,0.9,0.106,0.295,1.0
Marco Belinelli,580.4,0.0,0.0,0.0,0.18,1.033,2.2,0.209,0.678,2.3,0.0,0.0,0.0,0.0,0.0,0.0,0.184,1.159,2.1,0.152,1.057,1.7,0.072,1.357,0.8,0.226,1.008,2.5,0.017,0.8,0.2,0.059,1.15,0.7
Marcus Morris Sr.,739.8000000000001,0.126,0.903,1.7,0.118,1.011,1.6,0.057,0.81,0.8,0.088,1.062,1.2,0.131,0.948,1.8,0.227,1.089,3.1,0.069,1.059,0.9,0.041,1.167,0.6,0.058,1.093,0.8,0.028,1.333,0.4,0.057,0.429,0.8
Marcus Smart,696.6000000000001,0.088,0.774,1.1,0.116,0.72,1.5,0.287,0.767,3.7,0.0,0.0,0.0,0.067,0.745,0.9,0.21,0.912,2.7,0.053,0.73,0.7,0.028,1.1,0.4,0.031,1.091,0.4,0.031,0.682,0.4,0.084,0.39,1.1
Mario Chalmers,607.2,0.064,0.8,0.6,0.132,0.793,1.2,0.355,0.81,3.3,0.0,0.0,0.0,0.0,0.0,0.0,0.225,0.964,2.1,0.061,0.737,0.6,0.029,0.944,0.3,0.045,0.75,0.4,0.0,0.0,0.0,0.077,0.375,0.7
Mario Hezonja,742.5,0.06,0.8,0.6,0.19,1.063,1.9,0.116,0.874,1.2,0.024,1.167,0.2,0.0,0.0,0.0,0.337,1.048,3.4,0.044,0.455,0.4,0.062,1.348,0.6,0.096,0.778,1.0,0.025,1.0,0.3,0.035,0.538,0.3
Markelle Fultz,117.60000000000001,0.08,0.727,0.8,0.275,0.684,2.7,0.261,0.639,2.6,0.0,0.0,0.0,0.0,0.0,0.0,0.167,0.565,1.6,0.0,0.0,0.0,0.072,1.0,0.7,0.0,0.0,0.0,0.0,0.0,0.0,0.0,0.0,0.0
Markieff Morris,854.1,0.059,0.941,0.7,0.092,1.275,1.1,0.0,0.0,0.0,0.151,1.015,1.8,0.18,0.878,2.1,0.231,0.91,2.7,0.0,0.0,0.0,0.091,1.316,1.1,0.055,1.021,0.7,0.043,1.135,0.5,0.082,0.479,1.0
Marquese Chriss,655.2,0.04,0.808,0.4,0.146,1.01,1.3,0.0,0.0,0.0,0.108,0.887,1.0,0.082,0.685,0.8,0.308,0.792,2.8,0.0,0.0,0.0,0.098,1.25,0.9,0.029,1.105,0.3,0.069,1.111,0.6,0.108,0.239,1.0
Marreese Speights,410.8,0.041,0.882,0.3,0.1,1.244,0.8,0.0,0.0,0.0,0.197,0.951,1.6,0.129,0.981,1.0,0.319,1.061,2.5,0.034,1.071,0.3,0.027,0.909,0.2,0.054,0.773,0.4,0.036,0.8,0.3,0.058,0.25,0.5
Marvin Williams,670.8,0.0,0.0,0.0,0.159,1.333,1.4,0.0,0.0,0.0,0.107,0.986,0.9,0.074,1.18,0.6,0.372,1.123,3.2,0.015,0.7,0.1,0.079,1.241,0.7,0.072,1.102,0.6,0.065,0.886,0.6,0.053,0.278,0.5
Mason Plumlee,555.0,0.035,0.632,0.3,0.089,1.245,0.7,0.0,0.0,0.0,0.164,1.022,1.2,0.171,0.819,1.3,0.035,0.737,0.3,0.0,0.0,0.0,0.255,1.286,1.9,0.0,0.0,0.0,0.124,0.765,0.9,0.127,0.471,0.9
Matthew Dellavedova,182.4,0.0,0.0,0.0,0.11,1.174,0.6,0.349,0.479,1.9,0.0,0.0,0.0,0.0,0.0,0.0,0.282,0.847,1.6,0.0,0.0,0.0,0.0,0.0,0.0,0.0,0.0,0.0,0.0,0.0,0.0,0.124,0.654,0.7
Maurice Harkless,342.2,0.038,0.143,0.2,0.135,1.184,0.8,0.0,0.0,0.0,0.0,0.0,0.0,0.121,0.909,0.7,0.321,1.256,2.0,0.033,0.5,0.2,0.129,1.234,0.8,0.027,0.9,0.2,0.093,1.206,0.6,0.055,0.3,0.3
Maxi Kleber,345.6,0.0,0.0,0.0,0.085,0.968,0.4,0.0,0.0,0.0,0.154,1.125,0.8,0.063,1.13,0.3,0.299,1.046,1.5,0.0,0.0,0.0,0.181,1.545,0.9,0.058,0.524,0.3,0.088,0.906,0.4,0.044,0.188,0.2
Michael Beasley,1021.1999999999999,0.208,0.924,2.8,0.099,1.11,1.4,0.026,1.0,0.4,0.126,1.142,1.7,0.168,0.941,2.3,0.151,0.784,2.1,0.014,1.429,0.2,0.055,1.464,0.8,0.035,0.971,0.5,0.067,1.015,0.9,0.05,0.275,0.7
Michael Carter-Williams,312.00000000000006,0.071,1.174,0.4,0.114,0.865,0.7,0.312,0.634,1.9,0.0,0.0,0.0,0.0,0.0,0.0,0.241,0.615,1.5,0.071,0.739,0.4,0.059,1.158,0.4,0.0,0.0,0.0,0.04,1.077,0.3,0.071,0.435,0.4
Michael Kidd-Gilchrist,688.2,0.038,1.038,0.4,0.254,1.114,2.4,0.06,0.707,0.6,0.0,0.0,0.0,0.044,0.9,0.4,0.357,0.809,3.3,0.039,1.037,0.4,0.123,1.318,1.1,0.0,0.0,0.0,0.048,1.303,0.4,0.028,0.684,0.3
Mike Conley,199.20000000000002,0.151,0.719,2.7,0.085,1.056,1.5,0.415,0.989,7.3,0.0,0.0,0.0,0.0,0.0,0.0,0.165,1.2,2.9,0.075,0.688,1.3,0.0,0.0,0.0,0.052,0.364,0.9,0.0,0.0,0.0,0.0,0.0,0.0
Mike James,384.0,0.115,1.0,1.4,0.158,0.873,2.0,0.539,0.823,6.7,0.0,0.0,0.0,0.0,0.0,0.0,0.068,0.704,0.8,0.04,0.875,0.5,0.0,0.0,0.0,0.0,0.0,0.0,0.0,0.0,0.0,0.05,0.6,0.6
Mike Muscala,376.3,0.0,0.0,0.0,0.099,1.026,0.7,0.0,0.0,0.0,0.251,1.073,1.8,0.0,0.0,0.0,0.298,1.132,2.2,0.0,0.0,0.0,0.091,1.029,0.7,0.037,0.929,0.3,0.117,1.156,0.8,0.078,0.833,0.6
Mike Scott,615.5999999999999,0.025,1.313,0.2,0.088,1.0,0.7,0.017,1.727,0.1,0.209,1.091,1.7,0.123,1.026,1.0,0.254,1.205,2.1,0.0,0.0,0.0,0.13,1.049,1.1,0.043,0.889,0.4,0.051,0.844,0.4,0.046,0.276,0.4
Miles Plumlee,264.0,0.0,0.0,0.0,0.055,1.267,0.3,0.0,0.0,0.0,0.294,1.013,1.5,0.063,0.588,0.3,0.04,0.182,0.2,0.0,0.0,0.0,0.272,0.959,1.3,0.0,0.0,0.0,0.129,1.171,0.6,0.125,0.176,0.6
Milos Teodosic,468.0,0.029,1.214,0.3,0.105,0.58,1.1,0.422,0.816,4.5,0.0,0.0,0.0,0.0,0.0,0.0,0.242,1.287,2.6,0.099,0.936,1.0,0.0,0.0,0.0,0.025,0.583,0.3,0.0,0.0,0.0,0.059,0.357,0.6
Milton Doyle,31.0,0.0,0.0,0.0,0.0,0.0,0.0,0.241,0.538,1.3,0.0,0.0,0.0,0.0,0.0,0.0,0.333,0.5,1.8,0.0,0.0,0.0,0.0,0.0,0.0,0.0,0.0,0.0,0.0,0.0,0.0,0.0,0.0,0.0
Mirza Teletovic,34.0,0.0,0.0,0.0,0.0,0.0,0.0,0.0,0.0,0.0,0.0,0.0,0.0,0.0,0.0,0.0,0.531,1.059,3.4,0.0,0.0,0.0,0.0,0.0,0.0,0.0,0.0,0.0,0.0,0.0,0.0,0.0,0.0,0.0
Montrezl Harrell,706.8000000000001,0.027,1.474,0.3,0.199,1.4,1.8,0.014,0.7,0.1,0.158,1.396,1.5,0.209,1.014,1.9,0.05,1.0,0.5,0.0,0.0,0.0,0.172,1.322,1.6,0.0,0.0,0.0,0.105,1.054,1.0,0.06,0.595,0.6
Myke Henry,118.0,0.0,0.0,0.0,0.182,0.542,1.2,0.076,0.7,0.5,0.0,0.0,0.0,0.0,0.0,0.0,0.379,1.04,2.5,0.0,0.0,0.0,0.076,0.9,0.5,0.091,1.333,0.6,0.0,0.0,0.0,0.083,0.273,0.6
Myles Turner,806.0,0.023,1.0,0.3,0.065,1.204,0.8,0.0,0.0,0.0,0.386,1.031,4.9,0.117,0.959,1.5,0.145,0.858,1.8,0.0,0.0,0.0,0.096,1.316,1.2,0.0,0.0,0.0,0.073,1.217,0.9,0.082,0.426,1.0
Nemanja Bjelica,435.49999999999994,0.034,0.733,0.2,0.165,1.219,1.1,0.043,0.632,0.3,0.054,1.333,0.4,0.0,0.0,0.0,0.415,1.109,2.7,0.034,0.2,0.2,0.072,1.313,0.5,0.032,1.0,0.2,0.077,0.941,0.5,0.056,0.4,0.4
Nene,322.4,0.058,1.053,0.4,0.077,1.2,0.5,0.0,0.0,0.0,0.366,1.05,2.3,0.077,1.16,0.5,0.055,0.667,0.3,0.0,0.0,0.0,0.2,1.108,1.3,0.0,0.0,0.0,0.08,1.192,0.5,0.071,0.565,0.4
Nerlens Noel,136.4,0.0,0.0,0.0,0.099,0.571,0.5,0.0,0.0,0.0,0.275,1.051,1.3,0.0,0.0,0.0,0.0,0.0,0.0,0.0,0.0,0.0,0.261,1.324,1.2,0.0,0.0,0.0,0.19,0.815,0.9,0.12,0.294,0.5
Nick Young,544.0,0.04,0.818,0.3,0.191,1.486,1.3,0.085,0.787,0.6,0.0,0.0,0.0,0.0,0.0,0.0,0.287,1.019,2.0,0.067,0.784,0.5,0.027,1.6,0.2,0.218,1.067,1.5,0.0,0.0,0.0,0.056,0.258,0.4
Nicolas Batum,819.1999999999999,0.057,0.979,0.7,0.081,1.075,1.0,0.187,0.768,2.4,0.0,0.0,0.0,0.1,0.807,1.3,0.157,0.954,2.0,0.077,0.859,1.0,0.031,1.231,0.4,0.203,0.94,2.6,0.036,1.2,0.5,0.068,0.25,0.9
Nigel Hayes,11.0,0.0,0.0,0.0,0.0,0.0,0.0,0.0,0.0,0.0,0.0,0.0,0.0,0.0,0.0,0.0,0.367,0.273,2.2,0.0,0.0,0.0,0.0,0.0,0.0,0.0,0.0,0.0,0.0,0.0,0.0,0.0,0.0,0.0
Nik Stauskas,168.0,0.0,0.0,0.0,0.174,0.781,0.9,0.239,0.795,1.3,0.0,0.0,0.0,0.0,0.0,0.0,0.326,1.233,1.7,0.082,0.933,0.4,0.0,0.0,0.0,0.103,0.789,0.5,0.0,0.0,0.0,0.0,0.0,0.0
Nikola Jokic,1335.0,0.04,1.241,0.7,0.068,0.846,1.2,0.018,0.875,0.3,0.197,1.049,3.5,0.244,0.927,4.4,0.147,1.187,2.6,0.0,0.0,0.0,0.093,1.183,1.7,0.021,0.893,0.4,0.083,1.357,1.5,0.085,0.588,1.5
Nikola Mirotic,469.5,0.071,0.769,1.0,0.199,1.161,2.9,0.046,1.235,0.7,0.09,1.0,1.3,0.163,0.967,2.4,0.255,1.362,3.8,0.039,1.0,0.6,0.078,1.382,1.1,0.094,0.805,1.4,0.059,1.038,0.9,0.087,0.781,1.3
Nikola Vucevic,991.8,0.029,0.897,0.5,0.09,1.393,1.6,0.0,0.0,0.0,0.237,0.979,4.1,0.183,0.739,3.2,0.166,0.811,2.9,0.014,0.714,0.2,0.119,1.154,2.1,0.025,0.64,0.4,0.074,1.301,1.3,0.061,0.383,1.1
Noah Vonleh,169.5,0.0,0.0,0.0,0.135,0.864,1.0,0.0,0.0,0.0,0.145,1.167,0.5,0.129,0.75,0.5,0.362,1.0,2.8,0.0,0.0,0.0,0.25,1.161,0.9,0.0,0.0,0.0,0.137,1.471,0.5,0.061,0.4,0.5
Norman Powell,455.0,0.0,0.0,0.0,0.258,0.863,1.7,0.256,0.655,1.7,0.0,0.0,0.0,0.0,0.0,0.0,0.318,0.868,2.1,0.044,1.35,0.3,0.024,1.273,0.2,0.046,1.095,0.3,0.0,0.0,0.0,0.024,0.727,0.2
OG Anunoby,392.2,0.0,0.0,0.0,0.239,1.04,1.4,0.041,0.353,0.2,0.0,0.0,0.0,0.0,0.0,0.0,0.471,1.036,2.7,0.033,0.857,0.2,0.089,1.568,0.5,0.0,0.0,0.0,0.041,1.118,0.2,0.026,1.364,0.1
Okaro White,10.0,0.0,0.0,0.0,0.0,0.0,0.0,0.0,0.0,0.0,0.0,0.0,0.0,0.0,0.0,0.0,0.526,1.2,2.0,0.0,0.0,0.0,0.0,0.0,0.0,0.0,0.0,0.0,0.0,0.0,0.0,0.0,0.0,0.0
Omari Johnson,14.0,0.0,0.0,0.0,0.0,0.0,0.0,0.0,0.0,0.0,0.0,0.0,0.0,0.0,0.0,0.0,0.583,1.143,3.5,0.0,0.0,0.0,0.0,0.0,0.0,0.0,0.0,0.0,0.0,0.0,0.0,0.0,0.0,0.0
Omri Casspi,243.8,0.0,0.0,0.0,0.187,1.392,1.0,0.0,0.0,0.0,0.0,0.0,0.0,0.059,1.125,0.3,0.139,1.079,0.7,0.0,0.0,0.0,0.304,1.12,1.6,0.0,0.0,0.0,0.077,1.333,0.4,0.117,0.563,0.6
Otto Porter Jr.,1016.4,0.038,0.769,0.5,0.173,1.148,2.3,0.118,1.033,1.6,0.04,0.951,0.5,0.034,0.857,0.5,0.263,1.154,3.5,0.045,0.913,0.6,0.082,1.289,1.1,0.109,1.369,1.4,0.056,1.246,0.7,0.041,0.69,0.5
P.J. Tucker,524.8,0.0,0.0,0.0,0.175,1.179,1.2,0.0,0.0,0.0,0.101,0.545,0.7,0.0,0.0,0.0,0.501,1.007,3.3,0.0,0.0,0.0,0.026,0.786,0.2,0.0,0.0,0.0,0.063,1.206,0.4,0.087,0.404,0.6
Pascal Siakam,583.1999999999999,0.046,0.852,0.3,0.243,1.271,1.8,0.017,0.7,0.1,0.073,0.86,0.5,0.02,0.833,0.1,0.349,0.816,2.6,0.0,0.0,0.0,0.128,1.289,0.9,0.0,0.0,0.0,0.069,1.049,0.5,0.049,0.414,0.4
Pat Connaughton,426.40000000000003,0.042,0.895,0.2,0.108,0.816,0.6,0.093,0.786,0.5,0.0,0.0,0.0,0.0,0.0,0.0,0.369,0.892,2.0,0.066,1.267,0.4,0.093,1.357,0.5,0.15,1.235,0.8,0.0,0.0,0.0,0.04,0.722,0.2
Patrick Beverley,132.0,0.066,1.1,0.9,0.132,1.25,1.8,0.368,0.625,5.1,0.0,0.0,0.0,0.0,0.0,0.0,0.303,1.022,4.2,0.0,0.0,0.0,0.0,0.0,0.0,0.0,0.0,0.0,0.0,0.0,0.0,0.0,0.0,0.0
Patrick McCaw,263.2,0.0,0.0,0.0,0.158,1.068,0.8,0.172,0.458,0.9,0.0,0.0,0.0,0.0,0.0,0.0,0.262,0.74,1.3,0.047,0.692,0.2,0.161,1.156,0.8,0.068,0.947,0.3,0.0,0.0,0.0,0.072,0.6,0.4
Patrick Patterson,319.79999999999995,0.0,0.0,0.0,0.146,0.957,0.6,0.0,0.0,0.0,0.199,1.016,0.8,0.062,1.05,0.2,0.436,1.071,1.7,0.0,0.0,0.0,0.044,0.929,0.2,0.0,0.0,0.0,0.053,1.118,0.2,0.059,0.263,0.2
Patty Mills,820.0,0.032,1.444,0.3,0.1,1.072,1.0,0.338,0.787,3.4,0.0,0.0,0.0,0.0,0.0,0.0,0.255,1.183,2.6,0.092,0.922,0.9,0.025,1.048,0.3,0.076,1.079,0.8,0.0,0.0,0.0,0.071,0.61,0.7
Pau Gasol,816.2,0.023,0.579,0.2,0.054,1.289,0.6,0.0,0.0,0.0,0.26,1.098,2.8,0.159,0.795,1.7,0.219,0.856,2.4,0.0,0.0,0.0,0.094,1.09,1.0,0.0,0.0,0.0,0.099,1.11,1.1,0.075,0.306,0.8
Paul George,1737.9999999999998,0.115,0.869,2.5,0.168,1.038,3.7,0.252,0.89,5.5,0.021,1.27,0.5,0.024,0.78,0.5,0.16,1.218,3.5,0.041,0.729,0.9,0.021,1.306,0.5,0.141,1.091,3.1,0.016,0.964,0.4,0.041,0.69,0.9
Paul Millsap,577.6,0.088,0.804,1.3,0.1,1.328,1.5,0.045,0.962,0.7,0.085,0.918,1.3,0.188,0.917,2.9,0.235,0.949,3.6,0.024,1.214,0.4,0.074,1.093,1.1,0.06,0.571,0.9,0.06,1.229,0.9,0.04,0.391,0.6
Paul Zipser,280.79999999999995,0.08,0.696,0.4,0.104,0.767,0.6,0.093,0.111,0.5,0.0,0.0,0.0,0.0,0.0,0.0,0.471,0.941,2.5,0.048,0.429,0.3,0.052,1.0,0.3,0.048,0.571,0.3,0.0,0.0,0.0,0.055,0.438,0.3
Quincy Acy,434.0,0.0,0.0,0.0,0.075,0.794,0.5,0.0,0.0,0.0,0.325,0.939,2.1,0.0,0.0,0.0,0.442,1.005,2.9,0.0,0.0,0.0,0.022,1.4,0.1,0.0,0.0,0.0,0.024,0.909,0.2,0.068,0.387,0.4
Quinn Cook,287.1,0.0,0.0,0.0,0.222,1.169,2.0,0.3,1.011,2.7,0.0,0.0,0.0,0.0,0.0,0.0,0.195,1.211,1.7,0.075,0.682,0.7,0.044,1.154,0.4,0.078,1.174,0.7,0.0,0.0,0.0,0.055,1.313,0.5
Rajon Rondo,653.4,0.054,1.028,0.5,0.209,0.819,2.1,0.368,0.868,3.7,0.0,0.0,0.0,0.0,0.0,0.0,0.195,0.884,2.0,0.044,0.828,0.4,0.023,0.933,0.2,0.015,0.2,0.2,0.0,0.0,0.0,0.076,0.26,0.8
Ramon Sessions,70.5,0.0,0.0,0.0,0.143,1.286,0.9,0.357,0.771,2.3,0.0,0.0,0.0,0.0,0.0,0.0,0.235,0.957,1.5,0.0,0.0,0.0,0.0,0.0,0.0,0.0,0.0,0.0,0.0,0.0,0.0,0.0,0.0,0.0
Raul Neto,188.60000000000002,0.064,0.385,0.3,0.158,1.219,0.8,0.34,0.652,1.7,0.0,0.0,0.0,0.0,0.0,0.0,0.261,1.075,1.3,0.069,1.357,0.3,0.0,0.0,0.0,0.0,0.0,0.0,0.0,0.0,0.0,0.049,0.2,0.2
Raymond Felton,631.4,0.109,0.6,0.9,0.089,0.982,0.7,0.453,0.88,3.6,0.0,0.0,0.0,0.0,0.0,0.0,0.22,1.07,1.7,0.042,0.778,0.3,0.0,0.0,0.0,0.028,0.667,0.2,0.0,0.0,0.0,0.042,0.37,0.3
Reggie Bullock,607.6,0.0,0.0,0.0,0.161,1.273,1.6,0.062,0.842,0.6,0.0,0.0,0.0,0.0,0.0,0.0,0.251,1.149,2.5,0.262,1.062,2.6,0.112,1.333,1.1,0.094,1.276,0.9,0.023,1.214,0.2,0.031,0.368,0.3
Reggie Jackson,711.0,0.122,0.82,2.0,0.135,0.828,2.2,0.503,0.943,8.2,0.0,0.0,0.0,0.0,0.0,0.0,0.081,1.0,1.3,0.078,0.684,1.3,0.0,0.0,0.0,0.0,0.0,0.0,0.0,0.0,0.0,0.048,0.543,0.8
Richaun Holmes,278.4,0.0,0.0,0.0,0.145,1.381,0.9,0.0,0.0,0.0,0.197,0.947,1.2,0.0,0.0,0.0,0.17,0.776,1.0,0.0,0.0,0.0,0.242,1.386,1.5,0.0,0.0,0.0,0.114,1.303,0.7,0.076,0.545,0.5
Ricky Rubio,1124.2,0.042,1.0,0.6,0.142,0.883,2.1,0.398,0.762,5.9,0.0,0.0,0.0,0.0,0.0,0.0,0.259,0.949,3.8,0.076,0.966,1.1,0.014,0.625,0.2,0.0,0.0,0.0,0.009,1.5,0.1,0.054,0.79,0.8
Robert Covington,1000.0,0.0,0.0,0.0,0.263,1.109,3.3,0.031,0.839,0.4,0.018,1.222,0.2,0.0,0.0,0.0,0.36,1.06,4.6,0.086,0.874,1.1,0.058,1.186,0.7,0.082,0.735,1.0,0.027,1.074,0.3,0.07,0.437,0.9
Robin Lopez,787.2,0.013,1.0,0.2,0.032,1.04,0.4,0.0,0.0,0.0,0.347,1.055,4.3,0.137,0.917,1.7,0.102,0.7,1.3,0.0,0.0,0.0,0.158,1.25,1.9,0.0,0.0,0.0,0.111,1.103,1.4,0.09,0.296,1.1
Rodney Hood,635.7,0.098,1.016,1.6,0.12,1.282,2.0,0.275,0.944,4.6,0.015,0.6,0.3,0.0,0.0,0.0,0.192,1.016,3.2,0.125,0.914,2.1,0.018,1.167,0.3,0.114,1.0,1.9,0.0,0.0,0.0,0.02,0.615,0.3
Rodney McGruder,54.0,0.0,0.0,0.0,0.235,1.474,1.1,0.0,0.0,0.0,0.0,0.0,0.0,0.0,0.0,0.0,0.296,1.0,1.3,0.0,0.0,0.0,0.123,1.3,0.6,0.0,0.0,0.0,0.0,0.0,0.0,0.0,0.0,0.0
Rodney Purvis,100.80000000000001,0.0,0.0,0.0,0.213,1.077,1.6,0.189,0.609,1.4,0.0,0.0,0.0,0.0,0.0,0.0,0.287,0.429,2.2,0.0,0.0,0.0,0.0,0.0,0.0,0.148,1.0,1.1,0.0,0.0,0.0,0.0,0.0,0.0
Ron Baker,66.7,0.0,0.0,0.0,0.144,0.538,0.4,0.211,0.316,0.7,0.0,0.0,0.0,0.0,0.0,0.0,0.267,1.042,0.8,0.0,0.0,0.0,0.0,0.0,0.0,0.0,0.0,0.0,0.0,0.0,0.0,0.122,0.727,0.4
Rondae Hollis-Jefferson,979.1999999999999,0.108,0.887,1.6,0.198,0.979,2.9,0.032,0.935,0.5,0.097,1.232,1.4,0.15,0.925,2.2,0.168,0.915,2.4,0.0,0.0,0.0,0.123,1.124,1.8,0.0,0.0,0.0,0.058,0.947,0.8,0.052,0.471,0.8
Royce O'Neale,360.40000000000003,0.043,0.563,0.2,0.255,1.116,1.4,0.148,0.618,0.8,0.0,0.0,0.0,0.0,0.0,0.0,0.363,0.993,2.0,0.035,0.231,0.2,0.043,1.688,0.2,0.035,0.538,0.2,0.0,0.0,0.0,0.062,0.565,0.3
Rudy Gay,661.2,0.145,0.969,1.7,0.112,1.066,1.3,0.084,0.877,1.0,0.055,0.892,0.6,0.161,0.945,1.9,0.239,0.932,2.8,0.0,0.0,0.0,0.05,1.471,0.6,0.024,0.625,0.3,0.061,1.415,0.7,0.056,0.421,0.7
Rudy Gobert,660.8,0.0,0.0,0.0,0.075,1.255,0.9,0.0,0.0,0.0,0.238,1.28,2.9,0.036,0.875,0.4,0.03,0.75,0.4,0.0,0.0,0.0,0.312,1.303,3.8,0.0,0.0,0.0,0.158,1.14,1.9,0.124,0.524,1.5
Russell Westbrook,2304.0,0.175,0.818,5.0,0.232,1.013,6.7,0.318,0.85,9.2,0.0,0.0,0.0,0.07,0.831,2.0,0.069,0.887,2.0,0.029,0.672,0.8,0.012,1.296,0.3,0.01,1.136,0.3,0.033,1.053,1.0,0.051,0.483,1.5
Ryan Anderson,547.8000000000001,0.018,0.7,0.2,0.157,1.33,1.3,0.0,0.0,0.0,0.182,0.941,1.5,0.029,1.125,0.2,0.378,1.038,3.2,0.0,0.0,0.0,0.023,0.769,0.2,0.093,1.346,0.8,0.084,1.191,0.7,0.02,0.727,0.2
Ryan Arcidiacono,50.4,0.0,0.0,0.0,0.246,0.786,0.6,0.193,1.182,0.5,0.0,0.0,0.0,0.0,0.0,0.0,0.404,0.87,1.0,0.0,0.0,0.0,0.0,0.0,0.0,0.0,0.0,0.0,0.0,0.0,0.0,0.0,0.0,0.0
Salah Mejri,189.1,0.0,0.0,0.0,0.098,1.2,0.3,0.0,0.0,0.0,0.275,1.071,0.9,0.0,0.0,0.0,0.0,0.0,0.0,0.0,0.0,0.0,0.181,1.432,0.6,0.0,0.0,0.0,0.211,1.116,0.7,0.172,0.4,0.6
Sam Dekker,306.5999999999999,0.041,1.0,0.2,0.233,1.203,1.0,0.035,0.818,0.2,0.054,0.765,0.2,0.0,0.0,0.0,0.274,0.575,1.2,0.0,0.0,0.0,0.18,1.404,0.8,0.0,0.0,0.0,0.076,1.25,0.3,0.063,0.6,0.3
Sean Kilpatrick,114.3,0.075,0.4,1.1,0.201,0.926,3.0,0.224,1.067,3.3,0.0,0.0,0.0,0.0,0.0,0.0,0.276,1.216,4.1,0.082,0.818,1.2,0.0,0.0,0.0,0.0,0.0,0.0,0.0,0.0,0.0,0.0,0.0,0.0
Semi Ojeleye,197.1,0.0,0.0,0.0,0.174,0.925,0.5,0.0,0.0,0.0,0.057,1.0,0.2,0.0,0.0,0.0,0.478,0.809,1.5,0.048,0.818,0.2,0.087,1.1,0.3,0.0,0.0,0.0,0.0,0.0,0.0,0.0,0.0,0.0
Serge Ibaka,904.4000000000001,0.047,1.0,0.6,0.143,1.076,1.7,0.0,0.0,0.0,0.202,1.032,2.4,0.066,1.066,0.8,0.367,1.006,4.4,0.0,0.0,0.0,0.052,1.313,0.6,0.018,1.353,0.2,0.062,1.193,0.8,0.034,0.355,0.4
Shabazz Muhammad,42.900000000000006,0.16,1.25,1.1,0.253,1.474,1.7,0.0,0.0,0.0,0.0,0.0,0.0,0.0,0.0,0.0,0.16,1.0,1.1,0.0,0.0,0.0,0.0,0.0,0.0,0.0,0.0,0.0,0.0,0.0,0.0,0.0,0.0,0.0
Shabazz Napier,658.5999999999999,0.113,0.605,1.0,0.127,1.047,1.2,0.378,0.871,3.4,0.0,0.0,0.0,0.0,0.0,0.0,0.166,1.089,1.5,0.059,1.35,0.5,0.024,0.938,0.2,0.073,1.327,0.7,0.0,0.0,0.0,0.044,0.767,0.4
Shane Larkin,264.59999999999997,0.097,0.769,0.5,0.112,1.5,0.6,0.424,0.649,2.1,0.0,0.0,0.0,0.0,0.0,0.0,0.178,0.854,0.9,0.067,0.333,0.3,0.0,0.0,0.0,0.052,1.5,0.3,0.0,0.0,0.0,0.037,0.8,0.2
Shaquille Harrison,140.3,0.067,1.364,0.5,0.294,1.25,2.1,0.215,0.571,1.5,0.0,0.0,0.0,0.0,0.0,0.0,0.196,0.906,1.4,0.0,0.0,0.0,0.08,1.077,0.6,0.0,0.0,0.0,0.0,0.0,0.0,0.0,0.0,0.0
Shaun Livingston,424.79999999999995,0.09,0.974,0.5,0.254,0.972,1.5,0.083,0.6,0.5,0.0,0.0,0.0,0.154,0.969,0.9,0.043,1.167,0.3,0.031,0.923,0.2,0.199,1.226,1.2,0.033,0.714,0.2,0.036,0.867,0.2,0.073,0.194,0.4
Shelvin Mack,545.1,0.062,0.706,0.5,0.142,1.154,1.1,0.403,0.643,3.2,0.0,0.0,0.0,0.0,0.0,0.0,0.21,1.017,1.7,0.078,1.047,0.6,0.02,1.364,0.2,0.0,0.0,0.0,0.02,1.455,0.2,0.046,0.44,0.4
Sindarius Thornwell,313.90000000000003,0.0,0.0,0.0,0.285,0.892,1.3,0.067,0.727,0.3,0.0,0.0,0.0,0.0,0.0,0.0,0.411,0.925,1.8,0.04,0.615,0.2,0.052,1.176,0.2,0.0,0.0,0.0,0.037,0.667,0.2,0.058,0.474,0.3
Skal Labissiere,576.0,0.06,0.914,0.6,0.064,1.27,0.6,0.0,0.0,0.0,0.181,0.924,1.8,0.214,0.653,2.1,0.135,0.872,1.3,0.0,0.0,0.0,0.15,1.172,1.4,0.0,0.0,0.0,0.116,1.09,1.1,0.069,0.375,0.7
Solomon Hill,32.400000000000006,0.0,0.0,0.0,0.245,0.923,1.1,0.0,0.0,0.0,0.0,0.0,0.0,0.0,0.0,0.0,0.358,0.368,1.6,0.0,0.0,0.0,0.0,0.0,0.0,0.0,0.0,0.0,0.0,0.0,0.0,0.0,0.0,0.0
Spencer Dinwiddie,1064.0,0.187,0.97,2.5,0.103,1.009,1.4,0.387,0.847,5.2,0.0,0.0,0.0,0.0,0.0,0.0,0.173,1.053,2.3,0.031,0.758,0.4,0.0,0.0,0.0,0.031,1.061,0.4,0.019,1.25,0.3,0.06,0.708,0.8
Stanley Johnson,696.9,0.052,0.568,0.5,0.248,1.023,2.5,0.139,0.684,1.4,0.0,0.0,0.0,0.034,0.708,0.3,0.323,0.82,3.3,0.085,0.567,0.9,0.021,1.133,0.2,0.02,1.0,0.2,0.027,1.158,0.3,0.047,1.0,0.5
Stephen Curry,1137.3,0.069,1.051,1.5,0.186,1.066,4.2,0.261,1.131,5.8,0.011,1.583,0.2,0.0,0.0,0.0,0.113,1.279,2.5,0.047,1.151,1.0,0.053,1.367,1.2,0.178,1.266,4.0,0.012,1.071,0.3,0.07,1.0,1.6
Sterling Brown,212.0,0.0,0.0,0.0,0.303,0.945,1.4,0.066,0.625,0.3,0.0,0.0,0.0,0.0,0.0,0.0,0.386,0.882,1.8,0.05,1.333,0.2,0.0,0.0,0.0,0.062,1.0,0.3,0.0,0.0,0.0,0.0,0.0,0.0
Steven Adams,972.8000000000001,0.0,0.0,0.0,0.089,1.372,1.1,0.0,0.0,0.0,0.24,1.223,3.1,0.112,1.083,1.4,0.0,0.0,0.0,0.0,0.0,0.0,0.217,1.295,2.8,0.0,0.0,0.0,0.248,0.962,3.2,0.093,0.333,1.2
T.J. McConnell,532.0,0.047,0.846,0.3,0.182,0.89,1.3,0.36,0.864,2.6,0.0,0.0,0.0,0.0,0.0,0.0,0.191,1.105,1.4,0.056,0.968,0.4,0.044,1.0,0.3,0.0,0.0,0.0,0.0,0.0,0.0,0.096,0.34,0.7
T.J. Warren,1248.0,0.061,0.737,1.2,0.223,1.28,4.3,0.14,0.875,2.7,0.0,0.0,0.0,0.063,0.937,1.2,0.116,0.703,2.2,0.037,0.804,0.7,0.103,1.31,2.0,0.136,0.947,2.6,0.083,1.115,1.6,0.034,0.698,0.7
Taj Gibson,902.0,0.013,1.333,0.1,0.092,1.301,1.0,0.0,0.0,0.0,0.142,1.124,1.6,0.159,1.118,1.8,0.152,0.877,1.7,0.0,0.0,0.0,0.24,1.24,2.6,0.0,0.0,0.0,0.138,1.12,1.5,0.063,0.667,0.7
Tarik Black,173.4,0.0,0.0,0.0,0.0,0.0,0.0,0.0,0.0,0.0,0.353,1.227,1.3,0.0,0.0,0.0,0.07,0.538,0.3,0.0,0.0,0.0,0.214,1.25,0.8,0.0,0.0,0.0,0.166,0.774,0.6,0.118,0.273,0.4
Taurean Prince,1229.9999999999998,0.058,0.761,0.9,0.18,1.018,2.7,0.193,0.63,2.9,0.011,1.077,0.2,0.0,0.0,0.0,0.271,0.979,4.1,0.074,1.099,1.1,0.02,1.4,0.3,0.143,1.011,2.1,0.019,1.042,0.3,0.028,0.971,0.4
Terrance Ferguson,146.4,0.0,0.0,0.0,0.215,1.225,0.7,0.0,0.0,0.0,0.0,0.0,0.0,0.0,0.0,0.0,0.565,0.905,1.7,0.0,0.0,0.0,0.0,0.0,0.0,0.0,0.0,0.0,0.0,0.0,0.0,0.0,0.0,0.0
Terrence Ross,220.80000000000004,0.0,0.0,0.0,0.183,1.047,1.8,0.115,0.889,1.1,0.0,0.0,0.0,0.0,0.0,0.0,0.306,0.819,3.0,0.157,0.865,1.5,0.0,0.0,0.0,0.123,0.966,1.2,0.0,0.0,0.0,0.06,0.5,0.6
Terry Rozier,944.0,0.087,0.951,1.0,0.172,1.184,2.0,0.242,0.76,2.9,0.0,0.0,0.0,0.0,0.0,0.0,0.205,1.119,2.4,0.076,0.583,0.9,0.016,0.867,0.2,0.119,1.143,1.4,0.023,0.955,0.3,0.055,0.615,0.7
Thabo Sefolosha,250.79999999999998,0.0,0.0,0.0,0.262,1.338,2.0,0.068,0.7,0.5,0.0,0.0,0.0,0.0,0.0,0.0,0.374,1.027,2.9,0.0,0.0,0.0,0.099,1.517,0.8,0.0,0.0,0.0,0.054,1.0,0.4,0.0,0.0,0.0
Tim Frazier,224.19999999999996,0.078,1.158,0.3,0.173,0.786,0.7,0.313,0.684,1.3,0.0,0.0,0.0,0.0,0.0,0.0,0.193,0.723,0.8,0.074,0.778,0.3,0.0,0.0,0.0,0.0,0.0,0.0,0.0,0.0,0.0,0.107,0.385,0.4
Tim Hardaway Jr.,1014.8000000000001,0.054,0.891,0.9,0.23,1.064,4.0,0.189,0.762,3.3,0.0,0.0,0.0,0.0,0.0,0.0,0.222,0.996,3.8,0.07,0.986,1.2,0.048,1.204,0.8,0.116,1.092,2.0,0.023,0.917,0.4,0.046,0.702,0.8
Timofey Mozgov,136.39999999999998,0.0,0.0,0.0,0.079,0.636,0.4,0.0,0.0,0.0,0.223,1.0,1.0,0.158,0.636,0.7,0.144,0.9,0.6,0.0,0.0,0.0,0.187,1.346,0.8,0.0,0.0,0.0,0.129,1.167,0.6,0.072,0.5,0.3
Timothe Luwawu-Cabarrot,322.4,0.0,0.0,0.0,0.213,1.0,1.4,0.069,0.435,0.4,0.0,0.0,0.0,0.0,0.0,0.0,0.381,0.945,2.4,0.087,0.793,0.6,0.075,1.36,0.5,0.072,0.833,0.5,0.0,0.0,0.0,0.066,0.636,0.4
Tobias Harris,830.4000000000001,0.14,1.071,2.6,0.153,1.258,2.6,0.123,1.04,2.1,0.032,1.154,0.5,0.1,1.033,1.9,0.284,1.13,4.8,0.118,0.938,2.0,0.031,1.52,0.5,0.057,0.913,1.0,0.025,0.7,0.4,0.026,0.667,0.4
Tomas Satoransky,496.4,0.045,0.783,0.3,0.19,1.143,1.3,0.2,0.757,1.4,0.0,0.0,0.0,0.0,0.0,0.0,0.274,1.199,1.9,0.054,1.036,0.4,0.06,1.677,0.4,0.031,0.938,0.2,0.047,0.792,0.3,0.082,0.452,0.6
Tony Allen,103.39999999999999,0.0,0.0,0.0,0.25,1.1,1.4,0.0,0.0,0.0,0.0,0.0,0.0,0.0,0.0,0.0,0.175,0.857,1.0,0.0,0.0,0.0,0.225,0.889,1.2,0.0,0.0,0.0,0.117,1.0,0.6,0.1,0.167,0.5
Tony Parker,489.5,0.063,0.742,0.6,0.122,1.133,1.1,0.498,0.812,4.5,0.0,0.0,0.0,0.0,0.0,0.0,0.203,0.79,1.8,0.055,1.148,0.5,0.022,1.273,0.2,0.0,0.0,0.0,0.0,0.0,0.0,0.02,0.0,0.2
Tony Snell,480.0,0.029,0.5,0.2,0.228,1.236,1.5,0.064,0.71,0.4,0.0,0.0,0.0,0.0,0.0,0.0,0.419,1.173,2.7,0.116,0.839,0.7,0.035,1.176,0.2,0.071,0.824,0.5,0.0,0.0,0.0,0.025,0.583,0.2
Torrey Craig,152.09999999999997,0.0,0.0,0.0,0.2,0.714,0.9,0.0,0.0,0.0,0.0,0.0,0.0,0.0,0.0,0.0,0.303,1.019,1.4,0.069,0.5,0.3,0.143,1.36,0.6,0.0,0.0,0.0,0.16,1.179,0.7,0.0,0.0,0.0
Travis Wear,54.400000000000006,0.0,0.0,0.0,0.207,0.647,1.0,0.0,0.0,0.0,0.0,0.0,0.0,0.0,0.0,0.0,0.463,1.132,2.2,0.0,0.0,0.0,0.0,0.0,0.0,0.0,0.0,0.0,0.0,0.0,0.0,0.0,0.0,0.0
Treveon Graham,258.29999999999995,0.0,0.0,0.0,0.157,1.442,0.7,0.055,0.867,0.2,0.0,0.0,0.0,0.0,0.0,0.0,0.489,1.007,2.1,0.036,1.0,0.2,0.036,1.0,0.2,0.0,0.0,0.0,0.095,0.846,0.4,0.069,0.474,0.3
Trevor Ariza,730.3,0.022,0.5,0.2,0.266,1.313,2.9,0.048,0.771,0.5,0.04,0.793,0.4,0.0,0.0,0.0,0.39,1.077,4.3,0.042,1.161,0.5,0.022,0.875,0.2,0.102,0.84,1.1,0.023,0.706,0.3,0.045,0.697,0.5
Trevor Booker,203.7,0.0,0.0,0.0,0.207,1.367,0.9,0.0,0.0,0.0,0.196,0.821,2.2,0.171,0.882,1.9,0.161,1.0,1.8,0.0,0.0,0.0,0.172,1.68,0.8,0.0,0.0,0.0,0.131,1.154,1.4,0.085,0.529,0.9
Trey Burke,442.8,0.124,0.786,1.6,0.144,1.185,1.8,0.422,0.979,5.3,0.0,0.0,0.0,0.0,0.0,0.0,0.14,1.302,1.8,0.06,0.889,0.8,0.0,0.0,0.0,0.031,1.5,0.4,0.0,0.0,0.0,0.049,0.455,0.6
Trey Lyles,678.9,0.061,0.78,0.6,0.099,1.0,0.9,0.018,0.167,0.2,0.134,1.156,1.2,0.131,1.045,1.2,0.294,1.101,2.7,0.037,1.04,0.3,0.077,1.558,0.7,0.049,1.303,0.5,0.05,1.029,0.5,0.05,0.676,0.5
Tristan Thompson,307.4,0.0,0.0,0.0,0.11,1.353,0.6,0.0,0.0,0.0,0.188,1.241,1.1,0.045,0.714,0.3,0.049,0.6,0.3,0.0,0.0,0.0,0.253,1.231,1.5,0.0,0.0,0.0,0.25,0.818,1.5,0.094,0.31,0.5
Troy Daniels,655.7,0.015,0.6,0.1,0.13,1.118,1.1,0.076,0.78,0.6,0.0,0.0,0.0,0.0,0.0,0.0,0.249,1.276,2.1,0.177,1.138,1.5,0.021,0.857,0.2,0.284,1.005,2.4,0.0,0.0,0.0,0.038,0.36,0.3
Troy Williams,117.30000000000001,0.0,0.0,0.0,0.279,1.222,2.1,0.078,0.3,0.6,0.0,0.0,0.0,0.0,0.0,0.0,0.279,0.944,2.1,0.0,0.0,0.0,0.147,1.211,1.1,0.0,0.0,0.0,0.132,0.941,1.0,0.0,0.0,0.0
Tyler Cavanaugh,171.6,0.0,0.0,0.0,0.114,1.2,0.5,0.0,0.0,0.0,0.171,0.667,0.8,0.0,0.0,0.0,0.383,1.134,1.7,0.0,0.0,0.0,0.103,1.5,0.5,0.0,0.0,0.0,0.143,0.92,0.6,0.057,0.5,0.3
Tyler Dorsey,442.4,0.074,0.97,0.6,0.15,0.851,1.2,0.228,0.716,1.8,0.0,0.0,0.0,0.0,0.0,0.0,0.282,1.008,2.3,0.078,1.057,0.6,0.025,1.091,0.2,0.114,1.039,0.9,0.0,0.0,0.0,0.036,0.438,0.3
Tyler Ennis,270.0,0.091,0.64,0.5,0.156,1.116,0.8,0.396,0.642,2.0,0.0,0.0,0.0,0.0,0.0,0.0,0.156,0.814,0.8,0.065,1.0,0.3,0.047,1.615,0.2,0.0,0.0,0.0,0.0,0.0,0.0,0.073,0.65,0.4
Tyler Johnson,835.2,0.018,0.6,0.2,0.153,1.047,1.8,0.225,0.868,2.6,0.0,0.0,0.0,0.0,0.0,0.0,0.262,1.05,3.1,0.172,0.993,2.0,0.04,1.5,0.5,0.073,0.902,0.8,0.015,0.615,0.2,0.037,0.968,0.4
Tyler Ulis,702.9000000000002,0.083,0.65,0.8,0.119,0.756,1.2,0.529,0.803,5.4,0.0,0.0,0.0,0.0,0.0,0.0,0.118,0.929,1.2,0.057,0.78,0.6,0.017,1.167,0.2,0.0,0.0,0.0,0.0,0.0,0.0,0.053,0.184,0.5
Tyler Zeller,266.4,0.0,0.0,0.0,0.087,0.96,0.6,0.0,0.0,0.0,0.33,1.126,2.3,0.052,0.8,0.4,0.135,1.359,0.9,0.0,0.0,0.0,0.298,1.432,1.5,0.0,0.0,0.0,0.153,1.068,1.0,0.089,0.545,0.5
Tyreke Evans,1014.0,0.141,1.021,2.8,0.172,0.983,3.4,0.38,0.969,7.4,0.0,0.0,0.0,0.0,0.0,0.0,0.131,1.083,2.6,0.051,1.038,1.0,0.019,1.053,0.4,0.026,1.462,0.5,0.027,0.556,0.5,0.048,0.612,0.9
Tyrone Wallace,306.0,0.048,1.0,0.5,0.291,1.01,3.2,0.148,0.551,1.6,0.0,0.0,0.0,0.0,0.0,0.0,0.242,0.887,2.7,0.042,0.643,0.5,0.121,1.15,1.3,0.0,0.0,0.0,0.0,0.0,0.0,0.036,0.5,0.4
Tyson Chandler,285.2,0.0,0.0,0.0,0.066,1.368,0.4,0.0,0.0,0.0,0.25,1.278,1.6,0.0,0.0,0.0,0.0,0.0,0.0,0.0,0.0,0.0,0.208,1.3,1.3,0.0,0.0,0.0,0.274,1.139,1.7,0.184,0.189,1.2
Tyus Jones,401.79999999999995,0.043,0.556,0.2,0.24,1.139,1.2,0.235,0.899,1.2,0.0,0.0,0.0,0.0,0.0,0.0,0.297,0.976,1.5,0.043,1.5,0.2,0.029,1.333,0.1,0.0,0.0,0.0,0.0,0.0,0.0,0.09,0.711,0.5
Victor Oladipo,1717.5,0.103,1.028,2.3,0.206,1.164,4.7,0.377,0.927,8.6,0.0,0.0,0.0,0.0,0.0,0.0,0.101,1.11,2.3,0.073,1.008,1.7,0.02,1.147,0.5,0.064,0.89,1.5,0.014,1.042,0.3,0.043,0.703,1.0
Vince Carter,330.59999999999997,0.03,0.6,0.2,0.096,1.438,0.6,0.072,1.0,0.4,0.048,1.5,0.3,0.102,0.824,0.6,0.423,0.972,2.4,0.042,0.857,0.2,0.048,1.125,0.3,0.051,0.706,0.3,0.0,0.0,0.0,0.063,0.095,0.4
Wayne Ellington,762.3,0.0,0.0,0.0,0.123,1.211,1.2,0.044,0.912,0.4,0.018,1.143,0.2,0.0,0.0,0.0,0.215,1.096,2.2,0.342,1.064,3.4,0.023,1.056,0.2,0.196,1.199,2.0,0.0,0.0,0.0,0.034,0.615,0.3
Wayne Selden,350.0,0.066,0.826,0.7,0.166,1.241,1.7,0.28,0.806,2.8,0.0,0.0,0.0,0.0,0.0,0.0,0.249,0.977,2.5,0.066,0.913,0.7,0.031,0.818,0.3,0.077,1.037,0.8,0.0,0.0,0.0,0.049,0.294,0.5
Wes Iwundu,260.4,0.048,0.692,0.2,0.23,1.016,1.0,0.104,0.75,0.5,0.0,0.0,0.0,0.0,0.0,0.0,0.301,0.63,1.3,0.052,0.857,0.2,0.115,1.419,0.5,0.0,0.0,0.0,0.074,0.9,0.3,0.045,0.333,0.2
Wesley Johnson,436.6,0.0,0.0,0.0,0.192,0.849,1.2,0.069,1.032,0.4,0.0,0.0,0.0,0.0,0.0,0.0,0.467,0.947,2.8,0.06,0.444,0.4,0.078,1.143,0.5,0.025,1.182,0.1,0.022,1.3,0.1,0.069,0.516,0.4
Wesley Matthews,800.1,0.068,0.643,0.9,0.103,1.035,1.3,0.118,0.918,1.5,0.0,0.0,0.0,0.088,1.014,1.1,0.311,1.039,4.1,0.054,1.045,0.7,0.026,1.476,0.3,0.179,0.932,2.3,0.0,0.0,0.0,0.04,0.667,0.5
Will Barton,1271.7,0.098,0.637,1.5,0.232,1.163,3.6,0.268,0.874,4.2,0.0,0.0,0.0,0.0,0.0,0.0,0.195,1.105,3.1,0.056,0.845,0.9,0.044,1.339,0.7,0.01,1.154,0.2,0.037,1.128,0.6,0.054,0.812,0.9
Willie Cauley-Stein,978.2,0.089,0.727,1.2,0.094,1.376,1.3,0.0,0.0,0.0,0.216,0.967,2.9,0.161,0.836,2.2,0.125,0.798,1.7,0.0,0.0,0.0,0.148,1.238,2.0,0.0,0.0,0.0,0.081,0.938,1.1,0.072,0.521,1.0
Willie Reed,152.1,0.0,0.0,0.0,0.073,1.167,0.3,0.0,0.0,0.0,0.238,1.154,1.0,0.098,0.625,0.4,0.0,0.0,0.0,0.0,0.0,0.0,0.28,1.435,1.2,0.0,0.0,0.0,0.146,1.5,0.6,0.104,0.765,0.4
Willy Hernangomez,90.19999999999999,0.0,0.0,0.0,0.0,0.0,0.0,0.0,0.0,0.0,0.223,1.185,1.2,0.132,1.0,0.7,0.0,0.0,0.0,0.0,0.0,0.0,0.182,1.273,1.0,0.0,0.0,0.0,0.223,1.0,1.2,0.0,0.0,0.0
Wilson Chandler,762.1999999999999,0.104,0.738,1.1,0.144,1.063,1.5,0.062,0.854,0.6,0.013,1.3,0.1,0.074,0.982,0.8,0.272,0.914,2.8,0.072,1.182,0.7,0.088,1.147,0.9,0.046,1.257,0.5,0.072,0.855,0.7,0.053,0.537,0.6
Xavier Rathan-Mayes,33.0,0.0,0.0,0.0,0.0,0.0,0.0,0.579,0.515,6.6,0.0,0.0,0.0,0.0,0.0,0.0,0.0,0.0,0.0,0.0,0.0,0.0,0.0,0.0,0.0,0.0,0.0,0.0,0.0,0.0,0.0,0.0,0.0,0.0
Yogi Ferrell,828.2,0.061,0.865,0.6,0.135,0.93,1.4,0.302,0.907,3.1,0.0,0.0,0.0,0.0,0.0,0.0,0.272,1.069,2.8,0.062,1.057,0.6,0.028,1.167,0.3,0.085,1.068,0.9,0.0,0.0,0.0,0.041,0.629,0.4
Zach Collins,349.8,0.0,0.0,0.0,0.041,1.733,0.2,0.0,0.0,0.0,0.148,1.019,0.8,0.165,0.583,0.9,0.332,0.785,1.8,0.0,0.0,0.0,0.115,1.071,0.6,0.0,0.0,0.0,0.082,0.867,0.5,0.093,0.088,0.5
Zach LaVine,415.20000000000005,0.113,0.96,2.1,0.161,0.93,3.0,0.42,0.897,7.7,0.0,0.0,0.0,0.0,0.0,0.0,0.084,0.703,1.5,0.093,0.683,1.7,0.0,0.0,0.0,0.073,1.063,1.3,0.0,0.0,0.0,0.0,0.0,0.0
Zach Randolph,912.0,0.107,1.02,1.6,0.045,1.146,0.7,0.0,0.0,0.0,0.151,0.899,2.3,0.318,0.857,4.9,0.157,1.034,2.4,0.0,0.0,0.0,0.04,1.108,0.6,0.016,0.8,0.3,0.083,1.263,1.3,0.069,0.375,1.1
Zaza Pachulia,365.70000000000005,0.0,0.0,0.0,0.126,1.167,0.7,0.0,0.0,0.0,0.162,1.323,0.9,0.079,0.767,0.4,0.063,0.542,0.3,0.0,0.0,0.0,0.293,1.357,1.6,0.0,0.0,0.0,0.131,0.72,0.7,0.128,0.122,0.7
